Denumire Judet,Localitate,Numar Locuitori
ALBA,ALBA IULIA,"68,796"
ALBA,AIUD,"25,310"
ALBA,BLAJ,"20,348"
ALBA,SEBES,"29,811"
ALBA,ABRUD,"5,475"
ALBA,BAIA DE ARIES,"3,996"
ALBA,CAMPENI,"7,379"
ALBA,CUGIR,"24,968"
ALBA,OCNA MURES,"14,631"
ALBA,TEIUS,"7,312"
ALBA,ZLATNA,"7,905"
ALBA,ALBAC,"2,133"
ALBA,ALMASU MARE,"1,323"
ALBA,ARIESENI,"1,737"
ALBA,AVRAM IANCU,"1,584"
ALBA,BERGHIN,"2,075"
ALBA,BISTRA,"4,773"
ALBA,BLANDIANA,"1,008"
ALBA,BUCERDEA GRANOASA,"2,384"
ALBA,BUCIUM,"1,512"
ALBA,CALNIC,"1,802"
ALBA,CENADE,960
ALBA,CERGAU,"1,562"
ALBA,CERU BACAINTI,270
ALBA,CETATEA DE BALTA,"2,991"
ALBA,CIUGUD,"2,927"
ALBA,CIURULEASA,"1,159"
ALBA,CRACIUNELUL DE JOS,"2,209"
ALBA,CRICAU,"2,210"
ALBA,CUT,"1,277"
ALBA,DAIA ROMANA,"3,085"
ALBA,DOSTAT,970
ALBA,FARAU,"1,497"
ALBA,GALDA DE JOS,"4,405"
ALBA,GARBOVA,"2,088"
ALBA,GARDA DE SUS,"1,661"
ALBA,HOPARTA,"1,188"
ALBA,HOREA,"2,139"
ALBA,IGHIU,"6,702"
ALBA,INTREGALDE,607
ALBA,JIDVEI,"5,123"
ALBA,LIVEZILE,"1,267"
ALBA,LOPADEA NOUA,"2,712"
ALBA,LUNCA MURES,"2,464"
ALBA,LUPSA,"3,425"
ALBA,METES,"2,914"
ALBA,MIHALT,"3,385"
ALBA,MIRASLAU,"2,090"
ALBA,MOGOS,785
ALBA,NOSLAC,"1,723"
ALBA,OCOLIS,626
ALBA,OHABA,713
ALBA,PIANU,"3,484"
ALBA,POIANA VADULUI,"1,122"
ALBA,PONOR,508
ALBA,POSAGA,"1,108"
ALBA,RADESTI,"1,319"
ALBA,RAMET,526
ALBA,RIMETEA,"1,054"
ALBA,ROSIA DE SECAS,"1,544"
ALBA,ROSIA MONTANA,"2,863"
ALBA,SALCIUA,"1,547"
ALBA,SALISTEA,"2,306"
ALBA,SANCEL,"2,502"
ALBA,SANTIMBRU,"3,063"
ALBA,SASCIORI,"6,081"
ALBA,SCARISOARA,"1,587"
ALBA,SIBOT,"2,479"
ALBA,SOHODOL,"1,733"
ALBA,SONA,"4,407"
ALBA,SPRING,"2,451"
ALBA,STREMT,"2,538"
ALBA,SUGAG,"2,802"
ALBA,UNIREA,"5,132"
ALBA,VADU MOTILOR,"1,423"
ALBA,VALEA LUNGA,"3,137"
ALBA,VIDRA,"1,634"
ALBA,VINTU DE JOS,"5,439"
ALBA Total,,"367,185"
ARAD,ARAD,"162,450"
ARAD,CHI?INEU CRI?,"8,140"
ARAD,CURTICI,"8,078"
ARAD,INEU,"9,394"
ARAD,LIPOVA,"10,739"
ARAD,N?DLAC,"7,866"
ARAD,PaNCOTA,"7,616"
ARAD,PECICA,"13,998"
ARAD,SaNTANA,"13,375"
ARAD,SEBI?,"6,067"
ARAD,ALMA?,"2,839"
ARAD,APATEU,"3,502"
ARAD,ARCHI?,"1,586"
ARAD,BATA,"1,194"
ARAD,BaRSA,"1,866"
ARAD,BaRZAVA,"2,740"
ARAD,BELIU,"3,069"
ARAD,BIRCHI?,"2,040"
ARAD,BOCSIG,"3,610"
ARAD,BRAZII,"1,233"
ARAD,BUTENI,"3,386"
ARAD,C?RAND,"1,133"
ARAD,CERMEI,"2,747"
ARAD,CHISINDIA,"1,401"
ARAD,CONOP,"2,428"
ARAD,COV?SaN?,"2,549"
ARAD,CRAIVA,"2,871"
ARAD,DEZNA,"1,258"
ARAD,DIECI,"1,521"
ARAD,DOROBAN?I,"1,568"
ARAD,FaNTaNELE,"3,538"
ARAD,FELNAC,"3,150"
ARAD,FRUMU?ENI,"2,760"
ARAD,GHIOROC,"4,188"
ARAD,GR?NICERI,"2,471"
ARAD,GURAHON?,"4,039"
ARAD,H?LMAGIU,"2,932"
ARAD,H?LM?GEL,"1,254"
ARAD,H??MA?,"1,327"
ARAD,IGNE?TI,706
ARAD,IRATO?U,"2,476"
ARAD,LIVADA,"3,104"
ARAD,MACEA,"6,665"
ARAD,MI?CA,"3,773"
ARAD,MONEASA,967
ARAD,OLARI,"2,111"
ARAD,P?ULI?,"4,360"
ARAD,PEREGU MARE,"1,738"
ARAD,PETRI?,"1,482"
ARAD,PILU,"2,258"
ARAD,PLE?CU?A,"1,164"
ARAD,S?VaR?IN,"3,114"
ARAD,SECUSIGIU,"6,283"
ARAD,SELEU?,"3,032"
ARAD,SEMLAC,"3,943"
ARAD,SINTEA MARE,"3,762"
ARAD,SOCODOR,"2,289"
ARAD,?AGU,"3,995"
ARAD,?EITIN,"3,090"
ARAD,?EPREU?,"2,624"
ARAD,?ICULA,"4,395"
ARAD,?ILINDIA,847
ARAD,?IMAND,"4,376"
ARAD,?IRIA,"8,587"
ARAD,?I?TAROV??,357
ARAD,?OFRONEA,"2,825"
ARAD,TAU?,"1,799"
ARAD,TaRNOVA,"6,303"
ARAD,USUS?U,"1,399"
ARAD,V?R?DIA DE MURE?,"1,821"
ARAD,VaRFURILE,"2,826"
ARAD,VINGA,"6,558"
ARAD,VLADIMIRESCU,"12,215"
ARAD,Z?BRANI,"4,636"
ARAD,Z?D?RENI,"2,648"
ARAD,Z?RAND,"2,789"
ARAD,ZERIND,"1,361"
ARAD,ZIMANDUL NOU,"4,833"
ARAD Total,,"451,434"
ARGES,PITESTI,"164,119"
ARGES,CAMPULUNG,"34,554"
ARGES,CURTEA DE ARGES,"31,691"
ARGES,COSTESTI,"10,316"
ARGES,MIOVENI,"33,142"
ARGES,STEFANESTI,"14,918"
ARGES,TOPOLOVENI,"10,391"
ARGES,ALBESTII DE ARGES,"5,928"
ARGES,ALBESTII DE MUSCEL,"1,385"
ARGES,ALBOTA,"4,022"
ARGES,ANINOASA,"3,305"
ARGES,AREFU,"2,485"
ARGES,BABANA,"2,945"
ARGES,BAICULESTI,"6,068"
ARGES,BALILESTI,"4,111"
ARGES,BASCOV,"10,252"
ARGES,BELETI-NEGRESTI,"1,825"
ARGES,BEREVOESTI,"3,465"
ARGES,BIRLA,"5,049"
ARGES,BOGATI,"4,416"
ARGES,BOTENI,"2,474"
ARGES,BOTESTI,"1,147"
ARGES,BRADU,"7,209"
ARGES,BRADULET,"1,804"
ARGES,BUDEASA,"4,050"
ARGES,BUGHEA DE JOS,"2,993"
ARGES,BUGHEA DE SUS,"3,277"
ARGES,BUZOIESTI,"5,934"
ARGES,CALDARARU,"2,466"
ARGES,CALINESTI,"11,221"
ARGES,CATEASCA,"3,858"
ARGES,CEPARI,"2,231"
ARGES,CETATENI,"2,987"
ARGES,CICANESTI,"2,081"
ARGES,CIOFRANGENI,"2,490"
ARGES,CIOMAGESTI,"1,079"
ARGES,COCU,"2,199"
ARGES,CORBENI,"5,712"
ARGES,CORBI,"4,113"
ARGES,COSESTI,"5,409"
ARGES,COTMEANA,"2,008"
ARGES,CUCA,"2,096"
ARGES,DAMBOVICIOARA,869
ARGES,DARMANESTI,"3,631"
ARGES,DAVIDESTI,"3,037"
ARGES,DOBRESTI,"1,785"
ARGES,DOMNESTI,"3,250"
ARGES,DRAGANU,"1,925"
ARGES,DRAGOSLAVELE,"2,578"
ARGES,GODENI,"3,036"
ARGES,HARSESTI,"2,299"
ARGES,HARTIESTI,"2,010"
ARGES,IZVORU,"2,283"
ARGES,LEORDENI,"5,736"
ARGES,LERESTI,"4,607"
ARGES,LUNCA CORBULUI,"2,866"
ARGES,MALURENI,"4,525"
ARGES,MARACINENI,"5,329"
ARGES,MERISANI,"5,042"
ARGES,MICESTI,"4,619"
ARGES,MIHAESTI,"6,031"
ARGES,MIOARELE,"1,604"
ARGES,MIROSI,"2,424"
ARGES,MORARESTI,"1,821"
ARGES,MOSOAIA,"5,303"
ARGES,MOZACENI,"2,262"
ARGES,MUSATESTI,"3,902"
ARGES,NEGRASI,"2,359"
ARGES,NUCSOARA,"1,411"
ARGES,OARJA,"2,936"
ARGES,PIETROSANI,"5,752"
ARGES,POIANA LACULUI,"6,847"
ARGES,POIENARII DE ARGES,"1,114"
ARGES,POIENARII DE MUSCEL,"3,400"
ARGES,POPESTI,"2,013"
ARGES,PRIBOIENI,"3,485"
ARGES,RACA,"1,472"
ARGES,RATESTI,"3,196"
ARGES,RECEA,"2,854"
ARGES,ROCIU,"2,495"
ARGES,RUCAR,"5,952"
ARGES,SALATRUCU,"2,204"
ARGES,SAPATA,"1,776"
ARGES,SCHITU GOLESTI,"5,111"
ARGES,SLOBOZIA,"4,633"
ARGES,STALPENI,"4,906"
ARGES,STEFAN CEL MARE,"2,372"
ARGES,STOENESTI,"4,461"
ARGES,STOLNICI,"3,400"
ARGES,SUICI,"2,444"
ARGES,SUSENI,"3,052"
ARGES,TEIU,"1,379"
ARGES,TIGVENI,"3,490"
ARGES,TITESTI,"5,100"
ARGES,UDA,"1,987"
ARGES,UNGHENI,"3,074"
ARGES,VALEA DANULUI,"2,968"
ARGES,VALEA IASULUI,"2,774"
ARGES,VALEA MARE PRAVAT,"4,359"
ARGES,VEDEA,"3,728"
ARGES,VLADESTI,"3,107"
ARGES,VULTURESTI,"2,912"
ARGES Total,,"630,522"
BAC?U,BACAU,"172,508"
BAC?U,MOINESTI,"22,930"
BAC?U,ONESTI,"47,314"
BAC?U,BUHUSI,"19,026"
BAC?U,COMANESTI,"22,805"
BAC?U,DARMANESTI,"14,326"
BAC?U,SLANIC MOLDOVA,"4,805"
BAC?U,TARGU OCNA,"12,665"
BAC?U,AGAS,"6,559"
BAC?U,ARDEOANI,"2,361"
BAC?U,ASAU,"7,010"
BAC?U,BALCANI,"7,822"
BAC?U,BARSANESTI,"4,914"
BAC?U,BERESTI-BISTRITA,"2,200"
BAC?U,BERESTI-TAZLAU,"5,663"
BAC?U,BERZUNTI,"5,292"
BAC?U,BLAGESTI,"7,457"
BAC?U,BOGDANESTI,"2,764"
BAC?U,BRUSTUROASA,"3,459"
BAC?U,BUCIUMI,"3,544"
BAC?U,BUHOCI,"4,938"
BAC?U,CAIUTI,"5,390"
BAC?U,CASIN,"4,400"
BAC?U,CLEJA,"6,948"
BAC?U,COLONESTI,"2,169"
BAC?U,CORBASCA,"5,560"
BAC?U,COTOFANESTI,"3,457"
BAC?U,DAMIENESTI,"1,814"
BAC?U,DEALU MORII,"2,666"
BAC?U,DOFTEANA,"11,280"
BAC?U,FARAOANI,"5,294"
BAC?U,FILIPENI,"2,215"
BAC?U,FILIPESTI,"4,751"
BAC?U,GAICEANA,"2,848"
BAC?U,GARLENI,"6,949"
BAC?U,GHIMES-FAGET,"4,959"
BAC?U,GIOSENI,"3,916"
BAC?U,GLAVANESTI,"3,345"
BAC?U,GURA VAII,"5,343"
BAC?U,HELEGIU,"6,885"
BAC?U,HEMEIUS,"5,318"
BAC?U,HORGESTI,"5,034"
BAC?U,HURUIESTI,"2,546"
BAC?U,ITESTI,"1,685"
BAC?U,IZVORU BERHECIULUI,"1,712"
BAC?U,LETEA VECHE,"7,053"
BAC?U,LIPOVA,"3,106"
BAC?U,LIVEZI,"5,303"
BAC?U,LUIZI-CALUGARA,"5,166"
BAC?U,MAGIRESTI,"4,421"
BAC?U,MAGURA,"5,157"
BAC?U,MANASTIREA CASIN,"5,524"
BAC?U,MARGINENI,"10,069"
BAC?U,MOTOSENI,"3,352"
BAC?U,NEGRI,"2,777"
BAC?U,NICOLAE BALCESCU,"9,529"
BAC?U,ODOBESTI,"2,628"
BAC?U,OITUZ,"9,397"
BAC?U,ONCESTI,"1,655"
BAC?U,ORBENI,"3,981"
BAC?U,PALANCA,"3,392"
BAC?U,PANCESTI,"4,353"
BAC?U,PARAVA,"3,475"
BAC?U,PARGARESTI,"4,709"
BAC?U,PARINCEA,"3,773"
BAC?U,PARJOL,"6,545"
BAC?U,PLOPANA,"3,339"
BAC?U,PODURI,"8,172"
BAC?U,PODU-TURCULUI,"4,946"
BAC?U,PRAJESTI,"2,618"
BAC?U,RACACIUNI,"8,356"
BAC?U,RACHITOASA,"4,748"
BAC?U,RACOVA,"3,519"
BAC?U,ROSIORI,"2,281"
BAC?U,SANDULENI,"4,459"
BAC?U,SARATA,"2,613"
BAC?U,SASCUT,"10,012"
BAC?U,SAUCESTI,"5,658"
BAC?U,SCORTENI,"3,028"
BAC?U,SECUIENI,"2,142"
BAC?U,SOLONT,"3,617"
BAC?U,STANISESTI,"4,640"
BAC?U,STEFAN CEL MARE,"5,028"
BAC?U,STRUGARI,"2,571"
BAC?U,TAMASI,"3,245"
BAC?U,TARGU TROTUS,"5,687"
BAC?U,TATARASTI,"2,417"
BAC?U,TRAIAN,"2,905"
BAC?U,UNGURENI,"3,918"
BAC?U,URECHESTI,"3,815"
BAC?U,VALEA SEACA,"4,328"
BAC?U,VULTURENI,"1,935"
BAC?U,ZEMES,"4,837"
BACAU Total,,"707,045"
BIHOR,ORADEA,"201,983"
BIHOR,BEIUS,"11,024"
BIHOR,MARGHITA,"16,602"
BIHOR,SALONTA,"17,896"
BIHOR,ALESD,"10,663"
BIHOR,NUCET,"2,514"
BIHOR,SACUIENI,"11,854"
BIHOR,STEI,"7,891"
BIHOR,VALEA LUI MIHAI,"10,248"
BIHOR,VASCAU,"2,538"
BIHOR,ABRAM,"3,078"
BIHOR,ABRAMUT,"3,128"
BIHOR,ASTILEU,"3,715"
BIHOR,AUSEU,"2,989"
BIHOR,AVRAM IANCU,"3,391"
BIHOR,BALC,"3,408"
BIHOR,BATAR,"5,179"
BIHOR,BIHARIA,"4,194"
BIHOR,BOIANU MARE,"1,356"
BIHOR,BOROD,"3,896"
BIHOR,BORS,"3,993"
BIHOR,BRATCA,"4,963"
BIHOR,BRUSTURI,"3,737"
BIHOR,BUDUREASA,"2,730"
BIHOR,BUDUSLAU,"1,917"
BIHOR,BULZ,"2,066"
BIHOR,BUNTESTI,"4,443"
BIHOR,CABESTI,"1,871"
BIHOR,CAMPANI,"2,449"
BIHOR,CAPALNA,"1,665"
BIHOR,CARPINET,"1,916"
BIHOR,CEFA,"2,343"
BIHOR,CEICA,"3,688"
BIHOR,CETARIU,"2,230"
BIHOR,CHERECHIU,"2,478"
BIHOR,CHISLAZ,"3,165"
BIHOR,CIUHOI (SANIOB),"2,211"
BIHOR,CIUMEGHIU,"4,537"
BIHOR,COCIUBA MARE,"2,905"
BIHOR,COPACEL,"2,174"
BIHOR,CRISTIORU DE JOS,"1,320"
BIHOR,CURATELE,"2,509"
BIHOR,CURTUISENI,"3,827"
BIHOR,DERNA,"2,592"
BIHOR,DIOSIG,"6,931"
BIHOR,DOBRESTI,"5,394"
BIHOR,DRAGANESTI,"2,944"
BIHOR,DRAGESTI,"2,608"
BIHOR,FINIS,"3,650"
BIHOR,GEPIU,"1,932"
BIHOR,GIRIS DE CRIS,"3,684"
BIHOR,HIDISELU DE SUS,"3,228"
BIHOR,HOLOD,"3,311"
BIHOR,HUSASAU DE TINCA,"2,382"
BIHOR,INEU,"4,567"
BIHOR,LAZARENI,"3,172"
BIHOR,LAZURI DE BEIUS,"1,633"
BIHOR,LUGASU DE JOS,"3,500"
BIHOR,LUNCA,"2,788"
BIHOR,MADARAS,"2,770"
BIHOR,MAGESTI,"2,756"
BIHOR,NOJORID,"5,104"
BIHOR,OLCEA,"2,731"
BIHOR,OSORHEI,"6,766"
BIHOR,PALEU,"2,401"
BIHOR,PIETROASA,"3,163"
BIHOR,POCOLA,"1,481"
BIHOR,POMEZEU,"2,950"
BIHOR,POPESTI,"7,872"
BIHOR,RABAGANI,"1,991"
BIHOR,REMETEA,"2,871"
BIHOR,RIENI,"3,040"
BIHOR,ROSIA,"2,442"
BIHOR,ROSIORI,"3,142"
BIHOR,SACADAT,"1,775"
BIHOR,SALACEA,"3,055"
BIHOR,SALARD,"4,402"
BIHOR,SAMBATA,"1,414"
BIHOR,SANICOLAUL ROMAN,"2,189"
BIHOR,SANMARTIN,"10,097"
BIHOR,SANTANDREI,"4,969"
BIHOR,SARBI,"2,533"
BIHOR,SIMIAN,"3,821"
BIHOR,SINTEU,"1,116"
BIHOR,SOIMI,"2,640"
BIHOR,SPINUS,"1,172"
BIHOR,SUNCUIUS,"3,215"
BIHOR,SUPLACUL DE BARCAU,"4,380"
BIHOR,TAMASEU,"2,007"
BIHOR,TARCAIA,"2,021"
BIHOR,TARCEA,"2,617"
BIHOR,TAUTEU,"4,496"
BIHOR,TETCHEA,"3,110"
BIHOR,TILEAGD,"7,070"
BIHOR,TINCA,"8,092"
BIHOR,TOBOLIU,"2,379"
BIHOR,TULCA,"2,835"
BIHOR,UILEACU DE BEIUS,"2,092"
BIHOR,VADU CRISULUI,"4,051"
BIHOR,VARCIOROG,"2,149"
BIHOR,VIISOARA,"1,323"
BIHOR Total,,"589,500"
BISTRI?A - N?S?UD,BISTRITA,"85,820"
BISTRI?A - N?S?UD,BECLEAN,"11,686"
BISTRI?A - N?S?UD,NASAUD,"10,951"
BISTRI?A - N?S?UD,SINGEORZ BAI,"11,046"
BISTRI?A - N?S?UD,BISTRITA BIRGAULUI,"4,409"
BISTRI?A - N?S?UD,BRANISTE,"3,109"
BISTRI?A - N?S?UD,BUDACU DE JOS,"3,241"
BISTRI?A - N?S?UD,BUDESTI,"1,896"
BISTRI?A - N?S?UD,CAIANU MIC,"4,000"
BISTRI?A - N?S?UD,CETATE,"2,757"
BISTRI?A - N?S?UD,CHIOCHIS,"3,024"
BISTRI?A - N?S?UD,CHIUZA,"2,211"
BISTRI?A - N?S?UD,CICEU GIURGESTI,"1,625"
BISTRI?A - N?S?UD,CICEU MIHAIESTI,"1,313"
BISTRI?A - N?S?UD,COSBUC,"1,951"
BISTRI?A - N?S?UD,DUMITRA,"4,946"
BISTRI?A - N?S?UD,DUMITRITA,"3,068"
BISTRI?A - N?S?UD,FELDRU,"7,545"
BISTRI?A - N?S?UD,GALATII BISTRITEI,"2,582"
BISTRI?A - N?S?UD,ILVA MARE,"2,482"
BISTRI?A - N?S?UD,ILVA MICA,"3,294"
BISTRI?A - N?S?UD,JOSENII BIRGAULUI,"5,318"
BISTRI?A - N?S?UD,LECHINTA,"6,133"
BISTRI?A - N?S?UD,LESU,"2,877"
BISTRI?A - N?S?UD,LIVEZILE,"5,010"
BISTRI?A - N?S?UD,LUNCA ILVEI,"3,146"
BISTRI?A - N?S?UD,MAGURA ILVEI,"2,018"
BISTRI?A - N?S?UD,MAIERU,"7,920"
BISTRI?A - N?S?UD,MARISELU,"2,547"
BISTRI?A - N?S?UD,MATEI,"2,620"
BISTRI?A - N?S?UD,MICESTII DE CIMPIE,"1,082"
BISTRI?A - N?S?UD,MILAS,"1,340"
BISTRI?A - N?S?UD,MONOR,"1,463"
BISTRI?A - N?S?UD,NEGRILESTI,"2,360"
BISTRI?A - N?S?UD,NIMIGEA,"5,256"
BISTRI?A - N?S?UD,NUSENI,"2,835"
BISTRI?A - N?S?UD,PARVA,"2,640"
BISTRI?A - N?S?UD,PETRU RARES,"3,635"
BISTRI?A - N?S?UD,POIANA ILVEI,"1,542"
BISTRI?A - N?S?UD,PRUNDU BIRGAULUI,"6,328"
BISTRI?A - N?S?UD,REBRA,"2,935"
BISTRI?A - N?S?UD,REBRISOARA,"4,788"
BISTRI?A - N?S?UD,RODNA,"6,308"
BISTRI?A - N?S?UD,ROMULI,"1,725"
BISTRI?A - N?S?UD,RUNCU SALVEI,"1,343"
BISTRI?A - N?S?UD,SALVA,"2,814"
BISTRI?A - N?S?UD,SANT,"3,516"
BISTRI?A - N?S?UD,SIEU,"3,054"
BISTRI?A - N?S?UD,SIEU MAGHERUS,"4,444"
BISTRI?A - N?S?UD,SIEU ODORHEI,"2,464"
BISTRI?A - N?S?UD,SIEUT,"2,646"
BISTRI?A - N?S?UD,SILIVASU DE CIMPIE,"1,042"
BISTRI?A - N?S?UD,SINMIHAIU DE CIMPIE,"1,517"
BISTRI?A - N?S?UD,SINTEREAG,"3,659"
BISTRI?A - N?S?UD,SPERMEZEU,"3,738"
BISTRI?A - N?S?UD,TEACA,"5,843"
BISTRI?A - N?S?UD,TELCIU,"5,913"
BISTRI?A - N?S?UD,TIHA BIRGAULUI,"6,416"
BISTRI?A - N?S?UD,TIRLISUA,"3,256"
BISTRI?A - N?S?UD,URIU,"3,644"
BISTRI?A - N?S?UD,URMENIS,"1,961"
BISTRI?A - N?S?UD,ZAGRA,"3,525"
BISTRITA - NASAUD Total,,"315,577"
BOTO?ANI,BOTOSANI,"112,758"
BOTO?ANI,DOROHOI,"28,542"
BOTO?ANI,BUCECEA,"5,190"
BOTO?ANI,DARABANI,"11,881"
BOTO?ANI,FLAMINZI,"11,667"
BOTO?ANI,SAVENI,"7,678"
BOTO?ANI,STEFANESTI,"5,586"
BOTO?ANI,ADASENI,"1,583"
BOTO?ANI,ALBESTI,"6,520"
BOTO?ANI,AVRAMENI,"3,690"
BOTO?ANI,BALUSENI,"4,897"
BOTO?ANI,BLANDESTI,"2,207"
BOTO?ANI,BRAESTI,"2,062"
BOTO?ANI,BROSCAUTI,"3,341"
BOTO?ANI,CALARASI,"3,537"
BOTO?ANI,CANDESTI,"2,132"
BOTO?ANI,CONCESTI,"1,872"
BOTO?ANI,COPALAU,"4,097"
BOTO?ANI,CORDARENI,"1,868"
BOTO?ANI,CORLATENI,"2,360"
BOTO?ANI,CORNI,"6,735"
BOTO?ANI,COSULA,"2,987"
BOTO?ANI,COTUSCA,"4,796"
BOTO?ANI,CRISTESTI,"4,920"
BOTO?ANI,CRISTINESTI,"3,809"
BOTO?ANI,CURTESTI,"4,926"
BOTO?ANI,DERSCA,"3,018"
BOTO?ANI,DIMACHENI,"1,375"
BOTO?ANI,DINGENI,"3,046"
BOTO?ANI,DOBARCENI,"2,689"
BOTO?ANI,DRAGUSENI,"2,679"
BOTO?ANI,DURNESTI,"3,943"
BOTO?ANI,FRUMUSICA,"5,989"
BOTO?ANI,GEORGE ENESCU,"3,425"
BOTO?ANI,GORBANESTI,"3,354"
BOTO?ANI,HANESTI,"2,104"
BOTO?ANI,HAVARNA,"4,592"
BOTO?ANI,HILISEU,"3,614"
BOTO?ANI,HLIPICENI,"3,644"
BOTO?ANI,HUDESTI,"6,152"
BOTO?ANI,IBANESTI,"4,013"
BOTO?ANI,LEORDA,"2,640"
BOTO?ANI,LOZNA,"2,141"
BOTO?ANI,LUNCA,"4,337"
BOTO?ANI,MANOLEASA,"3,451"
BOTO?ANI,MIHAI EMINESCU,"7,494"
BOTO?ANI,MIHAILENI,"2,726"
BOTO?ANI,MIHALASENI,"2,271"
BOTO?ANI,MILEANCA,"2,674"
BOTO?ANI,MITOC,"1,894"
BOTO?ANI,NICSENI,"2,675"
BOTO?ANI,PALTINIS,"3,113"
BOTO?ANI,POMARLA,"2,729"
BOTO?ANI,PRAJENI,"3,346"
BOTO?ANI,RACHITI,"4,929"
BOTO?ANI,RADAUTI PRUT,"3,602"
BOTO?ANI,RAUSENI,"2,942"
BOTO?ANI,RIPICENI,"2,118"
BOTO?ANI,ROMA,"3,409"
BOTO?ANI,ROMANESTI,"1,992"
BOTO?ANI,SANTA MARE,"3,001"
BOTO?ANI,SENDRICENI,"4,419"
BOTO?ANI,STAUCENI,"3,514"
BOTO?ANI,STIUBIENI,"2,755"
BOTO?ANI,SUHARAU,"4,789"
BOTO?ANI,SULITA,"3,031"
BOTO?ANI,TODIRENI,"3,540"
BOTO?ANI,TRUSESTI,"5,538"
BOTO?ANI,TUDORA,"5,112"
BOTO?ANI,UNGURENI,"6,835"
BOTO?ANI,UNTENI,"2,781"
BOTO?ANI,VACULESTI,"2,230"
BOTO?ANI,VIISOARA,"1,950"
BOTO?ANI,VIRFU CIMPULUI,"3,708"
BOTO?ANI,VLADENI,"4,983"
BOTO?ANI,VLASINESTI,"3,082"
BOTO?ANI,VORNICENI,"4,305"
BOTO?ANI,VORONA,"7,818"
BOTOSANI Total,,"439,152"
BRA?OV,BRASOV,"274,935"
BRA?OV,CODLEA,"24,505"
BRA?OV,FAGARAS,"36,555"
BRA?OV,SACELE,"34,215"
BRA?OV,GHIMBAV,"5,639"
BRA?OV,PREDEAL,"5,115"
BRA?OV,RASNOV,"16,677"
BRA?OV,RUPEA,"5,511"
BRA?OV,VICTORIA,"8,239"
BRA?OV,ZARNESTI,"25,352"
BRA?OV,APATA,"3,387"
BRA?OV,AUGUSTIN,"1,888"
BRA?OV,BECLEAN,"1,688"
BRA?OV,BOD,"4,750"
BRA?OV,BRAN,"5,412"
BRA?OV,BUDILA,"4,419"
BRA?OV,BUNESTI,"2,550"
BRA?OV,CATA,"2,751"
BRA?OV,CINCU,"1,868"
BRA?OV,COMANA,"2,882"
BRA?OV,CRISTIAN,"4,958"
BRA?OV,CRIZBAV,"2,506"
BRA?OV,DRAGUS,"1,242"
BRA?OV,DUMBRAVITA,"5,187"
BRA?OV,FELDIOARA,"7,164"
BRA?OV,FUNDATA,745
BRA?OV,HALCHIU,"4,883"
BRA?OV,HARMAN,"5,727"
BRA?OV,HIRSENI,"2,236"
BRA?OV,HOGHIZ,"5,165"
BRA?OV,HOLBAV,"1,268"
BRA?OV,HOMOROD,"2,348"
BRA?OV,JIBERT,"2,443"
BRA?OV,LISA,"1,714"
BRA?OV,MAIERUS,"3,007"
BRA?OV,MANDRA,"3,060"
BRA?OV,MOIECIU,"4,672"
BRA?OV,ORMENIS,"2,179"
BRA?OV,PARAU,"2,217"
BRA?OV,POIANA MARULUI,"3,178"
BRA?OV,PREJMER,"9,449"
BRA?OV,RACOS,"3,531"
BRA?OV,RECEA,"3,307"
BRA?OV,SAMBATA DE SUS,"1,582"
BRA?OV,SANPETRU,"5,022"
BRA?OV,SERCAIA,"3,214"
BRA?OV,SINCA,"3,788"
BRA?OV,SINCA-NOUA,"1,653"
BRA?OV,SOARS,"1,911"
BRA?OV,TARLUNGENI,"8,903"
BRA?OV,TELIU,"4,370"
BRA?OV,TICUS,"1,030"
BRA?OV,UCEA,"2,422"
BRA?OV,UNGRA,"2,166"
BRA?OV,VAMA BUZAULUI,"3,361"
BRA?OV,VISTEA,"2,074"
BRA?OV,VOILA,"3,186"
BRA?OV,VULCAN,"4,919"
BRASOV Total,,"600,125"
BR?ILA,BR?ILA,"204,275"
BR?ILA,FAUREI,"3,866"
BR?ILA,IANCA,"10,887"
BR?ILA,INSURATEI,"6,830"
BR?ILA,BARAGANU,"3,184"
BR?ILA,BERTESTII DE JOS,"3,065"
BR?ILA,BORDEI VERDE,"2,633"
BR?ILA,CAZASU,"3,468"
BR?ILA,CHISCANI,"5,870"
BR?ILA,CIOCILE,"2,654"
BR?ILA,CIRESU,"3,138"
BR?ILA,DUDESTI,"3,609"
BR?ILA,FRECATEI,"1,473"
BR?ILA,GALBENU,"3,170"
BR?ILA,GEMENELE,"1,787"
BR?ILA,GRADISTEA,"2,219"
BR?ILA,GROPENI,"3,261"
BR?ILA,JIRLAU,"3,165"
BR?ILA,MARASU,"2,968"
BR?ILA,MAXINENI,"3,432"
BR?ILA,MIRCEA VODA,"3,311"
BR?ILA,MOVILA MIRESII,"4,173"
BR?ILA,RACOVITA,"1,182"
BR?ILA,RAMNICELU,"2,088"
BR?ILA,ROMANU,"1,897"
BR?ILA,ROSIORI,"2,810"
BR?ILA,SALCIA TUDOR,"2,640"
BR?ILA,SCORTARU NOU,"1,359"
BR?ILA,SILISTEA,"1,868"
BR?ILA,STANCUTA,"3,489"
BR?ILA,SURDILA GAISEANCA,"2,489"
BR?ILA,SURDILA GRECI,"1,444"
BR?ILA,SUTESTI,"4,456"
BR?ILA,TICHILESTI,"3,747"
BR?ILA,TRAIAN,"3,554"
BR?ILA,TUDOR VLADIMIRESCU,"1,923"
BR?ILA,TUFESTI,"5,404"
BR?ILA,ULMU,"3,762"
BR?ILA,UNIREA,"2,592"
BR?ILA,VADENI,"4,145"
BR?ILA,VICTORIA,"3,816"
BR?ILA,VISANI,"2,413"
BR?ILA,VIZIRU,"6,079"
BR?ILA,ZAVOAIA,"3,217"
BRAILA Total,,"348,812"
BUZ?U,BUZAU,"128,192"
BUZ?U,RIMNICU SARAT,"38,489"
BUZ?U,NEHOIU,"10,987"
BUZ?U,PATIRLAGELE,"7,621"
BUZ?U,POGOANELE,"7,362"
BUZ?U,AMARU,"2,386"
BUZ?U,BALACEANU,"1,680"
BUZ?U,BALTA ALBA,"2,556"
BUZ?U,BECENI,"4,549"
BUZ?U,BERCA,"8,738"
BUZ?U,BISOCA,"2,649"
BUZ?U,BLAJANI,"1,043"
BUZ?U,BOLDU,"2,357"
BUZ?U,BOZIORU,"1,169"
BUZ?U,BRADEANU,"2,422"
BUZ?U,BRAESTI,"2,360"
BUZ?U,BREAZA,"2,627"
BUZ?U,BUDA,"3,010"
BUZ?U,C.A.ROSETTI,"3,752"
BUZ?U,CALVINI,"4,441"
BUZ?U,CANESTI,852
BUZ?U,CATINA,"2,387"
BUZ?U,CERNATESTI,"3,833"
BUZ?U,CHILIILE,586
BUZ?U,CHIOJDU,"3,462"
BUZ?U,CILIBIA,"1,882"
BUZ?U,CISLAU,"4,946"
BUZ?U,COCHIRLEANCA,"5,419"
BUZ?U,COLTI,"1,078"
BUZ?U,COSTESTI,"4,788"
BUZ?U,COZIENI,"2,009"
BUZ?U,FLORICA,"1,576"
BUZ?U,GALBINASI,"4,238"
BUZ?U,GHERASENI,"3,472"
BUZ?U,GHERGHEASA,"2,316"
BUZ?U,GLODEANU SARAT,"4,200"
BUZ?U,GLODEANU SILISTEA,"3,826"
BUZ?U,GREBANU,"5,453"
BUZ?U,GURA TEGHII,"3,399"
BUZ?U,LARGU,"1,606"
BUZ?U,LOPATARI,"3,904"
BUZ?U,LUCIU,"2,838"
BUZ?U,MAGURA,"2,185"
BUZ?U,MANZALESTI,"2,691"
BUZ?U,MARACINENI,"8,679"
BUZ?U,MARGARITESTI,699
BUZ?U,MEREI,"6,839"
BUZ?U,MIHAILESTI,"1,996"
BUZ?U,MOVILA BANULUI,"2,592"
BUZ?U,MURGESTI,993
BUZ?U,NAENI,"1,822"
BUZ?U,ODAILE,866
BUZ?U,PADINA,"4,167"
BUZ?U,PANATAU,"2,482"
BUZ?U,PARDOSI,467
BUZ?U,PIETROASELE,"3,390"
BUZ?U,PIRSCOV,"5,759"
BUZ?U,PODGORIA,"3,160"
BUZ?U,POSTA CALNAU,"6,057"
BUZ?U,PUIESTI,"4,022"
BUZ?U,RACOVITENI,"1,349"
BUZ?U,RIMNICELU,"4,750"
BUZ?U,ROBEASCA,"1,072"
BUZ?U,RUSETU,"3,798"
BUZ?U,SAGEATA,"4,888"
BUZ?U,SAHATENI,"3,406"
BUZ?U,SAPOCA,"3,359"
BUZ?U,SARULESTI,"1,315"
BUZ?U,SCORTOASA,"2,916"
BUZ?U,SCUTELNICI,"2,279"
BUZ?U,SIRIU,"3,088"
BUZ?U,SMEENI,"6,745"
BUZ?U,STALPU,"3,102"
BUZ?U,TINTESTI,"4,556"
BUZ?U,TISAU,"4,681"
BUZ?U,TOPLICENI,"4,314"
BUZ?U,ULMENI,"3,154"
BUZ?U,UNGURIU,"2,493"
BUZ?U,VADU PASII,"9,889"
BUZ?U,VALCELELE,"1,476"
BUZ?U,VALEA RAMNICULUI,"5,690"
BUZ?U,VALEA SALCIEI,755
BUZ?U,VERNESTI,"9,219"
BUZ?U,VINTILA VODA,"3,130"
BUZ?U,VIPERESTI,"3,689"
BUZ?U,ZARNESTI,"5,016"
BUZ?U,ZIDURI,"4,494"
BUZAU Total,,"469,949"
CARA? - SEVERIN,RESITA,"79,894"
CARA? - SEVERIN,CARANSEBES,"27,870"
CARA? - SEVERIN,ANINA,"8,259"
CARA? - SEVERIN,BOC?A,"16,727"
CARA? - SEVERIN,HERCULANE,"5,706"
CARA? - SEVERIN,MOLDOVA NOU?,"12,565"
CARA? - SEVERIN,ORAVI?A,"12,287"
CARA? - SEVERIN,O?ELU RO?U,"11,506"
CARA? - SEVERIN,ARMENIS,"2,426"
CARA? - SEVERIN,BANIA,"1,927"
CARA? - SEVERIN,BAUTARI,"2,595"
CARA? - SEVERIN,BERLISTE,"1,150"
CARA? - SEVERIN,BERZEASCA,"2,779"
CARA? - SEVERIN,BERZOVIA,"3,956"
CARA? - SEVERIN,BOLVASNITA,"1,414"
CARA? - SEVERIN,BOZOVICI,"3,182"
CARA? - SEVERIN,BREBU,"1,124"
CARA? - SEVERIN,BREBU NOU,133
CARA? - SEVERIN,BUCHIN,"2,141"
CARA? - SEVERIN,BUCOSNITA,"2,937"
CARA? - SEVERIN,CARASOVA,"2,996"
CARA? - SEVERIN,CARBUNARI,990
CARA? - SEVERIN,CICLOVA ROMANA,"1,613"
CARA? - SEVERIN,CIUCHICI,"1,136"
CARA? - SEVERIN,CIUDANOVITA,611
CARA? - SEVERIN,COPACELE,"1,112"
CARA? - SEVERIN,CORNEA,"1,833"
CARA? - SEVERIN,CORNEREVA,"2,907"
CARA? - SEVERIN,C-TIN DAICOVICI,"3,019"
CARA? - SEVERIN,DALBOSET,"1,651"
CARA? - SEVERIN,DOCLIN,"1,989"
CARA? - SEVERIN,DOGNECEA,"2,073"
CARA? - SEVERIN,DOMASNEA,"1,312"
CARA? - SEVERIN,EFTIMIE MURGU,"1,651"
CARA? - SEVERIN,EZERIS,"1,399"
CARA? - SEVERIN,FARLIUG,"1,915"
CARA? - SEVERIN,FOROTIC,"1,837"
CARA? - SEVERIN,GARNIC,"1,345"
CARA? - SEVERIN,GLIMBOCA,"1,945"
CARA? - SEVERIN,GORUIA,890
CARA? - SEVERIN,GRADINARI,"2,169"
CARA? - SEVERIN,IABLANITA,"2,231"
CARA? - SEVERIN,LAPUSNICEL,"1,264"
CARA? - SEVERIN,LAPUSNICU MARE,"1,709"
CARA? - SEVERIN,LUNCAVITA,"2,653"
CARA? - SEVERIN,LUPAC,"2,893"
CARA? - SEVERIN,MARGA,"1,196"
CARA? - SEVERIN,MAURENI,"2,724"
CARA? - SEVERIN,MEHADIA,"4,183"
CARA? - SEVERIN,MEHADICA,715
CARA? - SEVERIN,NAIDAS,"1,182"
CARA? - SEVERIN,OBREJA,"3,587"
CARA? - SEVERIN,OCNA DE FIER,726
CARA? - SEVERIN,PALTINIS,"2,525"
CARA? - SEVERIN,PESCARI- CORONINI,"1,884"
CARA? - SEVERIN,POJOJENA,"3,001"
CARA? - SEVERIN,PRIGOR,"2,513"
CARA? - SEVERIN,RACASDIA,"2,130"
CARA? - SEVERIN,RAMNA,"1,560"
CARA? - SEVERIN,RUSCA MONTANA,"2,003"
CARA? - SEVERIN,SACU,"1,604"
CARA? - SEVERIN,SASCA MONTANA,"1,515"
CARA? - SEVERIN,SICHEVITA,"2,371"
CARA? - SEVERIN,SLATINA TIMIS,"2,971"
CARA? - SEVERIN,SOCOL,"2,022"
CARA? - SEVERIN,SOPOTU NOU,"1,264"
CARA? - SEVERIN,TEREGOVA,"4,085"
CARA? - SEVERIN,TICVANIU MARE,"2,101"
CARA? - SEVERIN,TIRNOVA,"1,765"
CARA? - SEVERIN,TOPLET,"2,602"
CARA? - SEVERIN,TURNU RUIENI,"3,531"
CARA? - SEVERIN,VALIUG,927
CARA? - SEVERIN,VARADIA,"1,589"
CARA? - SEVERIN,VERMES,"1,611"
CARA? - SEVERIN,VRANI,"1,189"
CARA? - SEVERIN,ZAVOI,"4,077"
CARA? - SEVERIN,ZORLENTIU MARE,953
CARAS - SEVERIN Total,,"313,827"
C?L?RA?I,CALARASI,"71,951"
C?L?RA?I,OLTENITA,"26,373"
C?L?RA?I,BUDESTI,"7,118"
C?L?RA?I,FUNDULEA,"6,681"
C?L?RA?I,LEHLIU GARA,"6,258"
C?L?RA?I,AL.ODOBESCU,"2,765"
C?L?RA?I,BELCIUGATELE,"2,061"
C?L?RA?I,BORCEA,"8,413"
C?L?RA?I,CASCIOARELE,"1,801"
C?L?RA?I,CHIRNOGI,"7,664"
C?L?RA?I,CHISELET,"3,439"
C?L?RA?I,CIOCANESTI,"4,300"
C?L?RA?I,CRIVAT,"2,181"
C?L?RA?I,CURCANI,"5,353"
C?L?RA?I,CUZA VODA,"4,127"
C?L?RA?I,DICHISENI,"1,661"
C?L?RA?I,DOR MARUNT,"6,969"
C?L?RA?I,DOROBANTU,"2,821"
C?L?RA?I,DRAGALINA,"8,529"
C?L?RA?I,DRAGOS VODA,"2,944"
C?L?RA?I,FRASINET,"1,697"
C?L?RA?I,FRUMUSANI,"4,703"
C?L?RA?I,FUNDENI,"4,815"
C?L?RA?I,GALBINASI,"3,544"
C?L?RA?I,GRADISTEA,"4,657"
C?L?RA?I,GURBANESTI,"1,318"
C?L?RA?I,ILEANA,"3,113"
C?L?RA?I,INDEPENDENTA,"3,396"
C?L?RA?I,JEGALIA,"4,341"
C?L?RA?I,LEHLIU SAT,"2,752"
C?L?RA?I,LUICA,"2,035"
C?L?RA?I,LUPSANU,"3,087"
C?L?RA?I,MANASTIREA,"5,645"
C?L?RA?I,MITRENI,"4,101"
C?L?RA?I,MODELU,"9,829"
C?L?RA?I,NANA,"2,421"
C?L?RA?I,NIC.BALCESCU,"1,520"
C?L?RA?I,PERISORU,"5,326"
C?L?RA?I,PLATARESTI,"3,537"
C?L?RA?I,RADOVANU,"4,270"
C?L?RA?I,ROSETI,"6,100"
C?L?RA?I,SARULESTI,"3,093"
C?L?RA?I,SOHATU,"2,877"
C?L?RA?I,SOLDANU,"3,331"
C?L?RA?I,SPANTOV,"4,616"
C?L?RA?I,STEFAN CEL MARE,"3,246"
C?L?RA?I,STEFAN VODA,"2,436"
C?L?RA?I,TAMADAU MARE,"2,354"
C?L?RA?I,ULMENI,"5,015"
C?L?RA?I,ULMU,"1,430"
C?L?RA?I,UNIREA,"2,682"
C?L?RA?I,VALCELELE,"1,759"
C?L?RA?I,VALEA ARGOVEI,"2,331"
C?L?RA?I,VASILATI,"4,245"
C?L?RA?I,VLAD TEPES,"2,149"
CALARASI Total,,"307,180"
CLUJ,CLUJ-NAPOCA,"304,509"
CLUJ,CAMPIA-TURZII,"25,738"
CLUJ,DEJ,"37,332"
CLUJ,GHERLA,"21,895"
CLUJ,TURDA,"55,597"
CLUJ,ORS. HUEDIN,"9,642"
CLUJ,AGHIRESU,"6,894"
CLUJ,AITON,"1,112"
CLUJ,ALUNIS,"1,203"
CLUJ,APAHIDA,"11,330"
CLUJ,ASCHILEU,"1,617"
CLUJ,BACIU,"10,184"
CLUJ,BAISOARA,"2,181"
CLUJ,BELIS,"1,267"
CLUJ,BOBILNA,"1,572"
CLUJ,BONTIDA,"5,064"
CLUJ,BORSA,"1,427"
CLUJ,BUZA,"1,247"
CLUJ,CAIANU,"2,377"
CLUJ,CALARASI,"2,514"
CLUJ,CALATELE,"2,377"
CLUJ,CAMARASU,"2,704"
CLUJ,CAPUSU MARE,"3,224"
CLUJ,CASEIU,"4,919"
CLUJ,CATINA,"1,899"
CLUJ,CEANU MARE,"3,945"
CLUJ,CHINTENI,"3,041"
CLUJ,CHIUIESTI,"2,527"
CLUJ,CITCAU,"2,410"
CLUJ,CIUCEA,"1,587"
CLUJ,CIURILA,"1,516"
CLUJ,COJOCNA,"4,357"
CLUJ,CORNESTI,"1,516"
CLUJ,CUZDRIOARA,"2,933"
CLUJ,DABICA,"1,532"
CLUJ,FELEACU,"3,727"
CLUJ,FIZESU GHERLII,"2,586"
CLUJ,FLORESTI,"21,901"
CLUJ,FRATA,"4,012"
CLUJ,GEACA,"1,610"
CLUJ,GILAU,"8,878"
CLUJ,GIRBAU,"2,534"
CLUJ,IARA,"4,255"
CLUJ,ICLOD,"4,261"
CLUJ,IZVORU CRISULUI,"1,597"
CLUJ,JICHISU DE JOS,"1,194"
CLUJ,JUCU,"4,384"
CLUJ,LUNA,"4,752"
CLUJ,MAGURI-RACATAU,"2,193"
CLUJ,MANASTIRENI,"1,527"
CLUJ,MARGAU,"1,512"
CLUJ,MARISEL,"1,480"
CLUJ,MICA,"3,831"
CLUJ,MIHAI VITEAZU,"5,678"
CLUJ,MINTIU GHERLII,"3,929"
CLUJ,MOCIU,"3,422"
CLUJ,MOLDOVENESTI,"3,421"
CLUJ,NEGRENI,"2,423"
CLUJ,PALATCA,"1,134"
CLUJ,PANTICEU,"1,831"
CLUJ,PETRESTII DE JOS,"1,580"
CLUJ,PLOSCOS,665
CLUJ,POIENI,"5,111"
CLUJ,RECEA-CRISTUR,"1,509"
CLUJ,RISCA,"1,455"
CLUJ,SACUIEU,"1,420"
CLUJ,SANDULESTI,"1,959"
CLUJ,SAVADISLA,"4,436"
CLUJ,SIC,"2,442"
CLUJ,SINCRAIU,"1,661"
CLUJ,SINMARTIN,"1,416"
CLUJ,SINPAUL,"2,500"
CLUJ,SUATU,"1,665"
CLUJ,TAGA,"1,932"
CLUJ,TRITENII DE JOS,"4,681"
CLUJ,TURENI,"2,382"
CLUJ,UNGURAS,"2,791"
CLUJ,VAD,"1,941"
CLUJ,VALEA IERII,889
CLUJ,VIISOARA,"5,937"
CLUJ,VULTURENI,"1,409"
CLUJ Total,,"693,042"
CONSTAN?A,CONSTANTA,"296,695"
CONSTAN?A,MANGALIA,"39,198"
CONSTAN?A,MEDGIDIA,"43,121"
CONSTAN?A,BANEASA,"5,493"
CONSTAN?A,CERNAVOD?,"18,179"
CONSTAN?A,EFORIE,"10,663"
CONSTAN?A,HaR?OVA,"10,466"
CONSTAN?A,MURFATLAR,"10,741"
CONSTAN?A,N?VODARI,"37,133"
CONSTAN?A,NEGRUVODA,"5,545"
CONSTAN?A,OVIDIU,"14,518"
CONSTAN?A,TECHIRGHIOL,"7,783"
CONSTAN?A,23 AUGUST,"5,569"
CONSTAN?A,ADAMCLISI,"2,339"
CONSTAN?A,AGIGEA,"7,537"
CONSTAN?A,ALBE?TI,"3,542"
CONSTAN?A,ALIMAN,"2,866"
CONSTAN?A,AMZACEA,"2,721"
CONSTAN?A,B?R?GANU,"1,803"
CONSTAN?A,CASTELU,"5,350"
CONSTAN?A,CERCHEZU,"1,442"
CONSTAN?A,CHIRNOGENI,"3,301"
CONSTAN?A,CIOBANU,"3,415"
CONSTAN?A,CIOCaRLIA,"3,035"
CONSTAN?A,COBADIN,"9,060"
CONSTAN?A,COGEALAC,"5,425"
CONSTAN?A,COMANA,"1,816"
CONSTAN?A,CORBU,"6,185"
CONSTAN?A,COSTINE?TI,"2,828"
CONSTAN?A,CRUCEA,"3,098"
CONSTAN?A,CUMP?NA,"13,087"
CONSTAN?A,CUZA VODA,"4,037"
CONSTAN?A,DELENI,"2,397"
CONSTAN?A,DOBROMIR,"3,097"
CONSTAN?A,DUMBR?VENI,607
CONSTAN?A,FANTANELE,"1,708"
CONSTAN?A,GaRLICIU,"1,719"
CONSTAN?A,GHIND?RES?I,"2,641"
CONSTAN?A,GRADINA,"1,127"
CONSTAN?A,HORIA,"1,892"
CONSTAN?A,INDEPENDEN?A,"2,984"
CONSTAN?A,ION CORVIN,"2,083"
CONSTAN?A,ISTRIA,"2,588"
CONSTAN?A,LIMANU,"6,461"
CONSTAN?A,LIPNI?A,"3,063"
CONSTAN?A,LUMINA,"10,228"
CONSTAN?A,M VITEAZU,"3,537"
CONSTAN?A,M VOD?,"5,096"
CONSTAN?A,M. KOG?LNICEANU,"10,227"
CONSTAN?A,MERENI,"2,270"
CONSTAN?A,N B?LCESCU,"5,086"
CONSTAN?A,OLTINA,"2,716"
CONSTAN?A,OSTROV,"5,196"
CONSTAN?A,PANTELIMON,"1,784"
CONSTAN?A,PECINEAGA,"3,320"
CONSTAN?A,PE?TERA,"3,482"
CONSTAN?A,POARTA ALB?,"5,144"
CONSTAN?A,RASOVA,"3,906"
CONSTAN?A,SALIGNY,"2,530"
CONSTAN?A,SARAIU,"1,288"
CONSTAN?A,S?CELE,"2,252"
CONSTAN?A,SEIMENI,"2,152"
CONSTAN?A,SILI?TEA,"1,398"
CONSTAN?A,TaRGU?OR,"1,592"
CONSTAN?A,TOPALU,"1,744"
CONSTAN?A,TOPRAISAR,"5,862"
CONSTAN?A,TORTOMANU,"1,741"
CONSTAN?A,TUZLA,"7,047"
CONSTAN?A,VALU LUI TRAIAN,"13,226"
CONSTAN?A,VULTURU,699
CONSTANTA Total,,"723,881"
COVASNA,SF.GHEORGHE,"60,393"
COVASNA,TG.SECUIESC,"19,622"
COVASNA,BARAOLT,"9,213"
COVASNA,COVASNA,"10,984"
COVASNA,INT.BUZAULUI,"8,922"
COVASNA,AITA MARE,"1,742"
COVASNA,ARCUS,"1,502"
COVASNA,BARCANI,"3,946"
COVASNA,BATANI,"4,535"
COVASNA,BELIN,"2,908"
COVASNA,BIXAD,"1,970"
COVASNA,BODOC,"2,485"
COVASNA,BOROSNEU,"3,315"
COVASNA,BRADUT,"4,955"
COVASNA,BRATES,"1,462"
COVASNA,BRETCU,"3,682"
COVASNA,CATALINA,"3,357"
COVASNA,CERNAT,"3,920"
COVASNA,CHICHIS,"1,631"
COVASNA,COMANDAU,973
COVASNA,DALNIC,928
COVASNA,DOBARLAU,"2,132"
COVASNA,ESTELNIC,"1,136"
COVASNA,GHELINTA,"5,071"
COVASNA,GHIDFALAU,"2,685"
COVASNA,HAGHIG,"2,223"
COVASNA,ILIENI,"2,079"
COVASNA,LEMNIA,"1,922"
COVASNA,MALNAS,"1,120"
COVASNA,MERENI,"1,266"
COVASNA,MICFALAU,"1,860"
COVASNA,MOACSA,"1,254"
COVASNA,OJDULA,"3,467"
COVASNA,OZUN,"4,627"
COVASNA,POIAN,"1,765"
COVASNA,RECI,"2,234"
COVASNA,SANZIENI,"4,611"
COVASNA,SITA BUZAULUI,"4,760"
COVASNA,TURIA,"3,827"
COVASNA,VALCELE,"4,636"
COVASNA,VALEA CRISULUI,"2,429"
COVASNA,VALEA MARE,"1,190"
COVASNA,VARGHIS,"1,778"
COVASNA,ZABALA,"4,936"
COVASNA,ZAGON,"5,387"
COVASNA Total,,"220,840"
DaMBOVI?A,MUN.TARGOVISTE,"86,423"
DaMBOVI?A,MUN.MORENI,"19,614"
DaMBOVI?A,FIENI,"7,535"
DaMBOVI?A,GAESTI,"14,693"
DaMBOVI?A,PUCIOASA,"14,992"
DaMBOVI?A,RACARI,"6,565"
DaMBOVI?A,TITU,"10,000"
DaMBOVI?A,ANINOASA,"6,233"
DaMBOVI?A,BALENI,"8,752"
DaMBOVI?A,BARBULETU,"2,361"
DaMBOVI?A,BEZDEAD,"4,585"
DaMBOVI?A,BILCIURESTI,"1,847"
DaMBOVI?A,BRANESTI,"3,739"
DaMBOVI?A,BRANISTE,"4,303"
DaMBOVI?A,BREZOAELE,"3,546"
DaMBOVI?A,BUCIUMENI,"4,528"
DaMBOVI?A,BUCSANI,"6,958"
DaMBOVI?A,BUTIMANU,"2,300"
DaMBOVI?A,CANDESTI,"2,898"
DaMBOVI?A,CIOCANESTI,"5,068"
DaMBOVI?A,COBIA,"3,062"
DaMBOVI?A,COJASCA,"8,221"
DaMBOVI?A,COMISANI,"5,253"
DaMBOVI?A,CONTESTI,"5,467"
DaMBOVI?A,CORBII MARI,"8,473"
DaMBOVI?A,CORNATELU,"1,550"
DaMBOVI?A,CORNESTI,"6,786"
DaMBOVI?A,COSTESTI VALE,"3,555"
DaMBOVI?A,CRANGURI,"3,472"
DaMBOVI?A,CREVEDIA,"6,458"
DaMBOVI?A,DARMANESTI,"4,810"
DaMBOVI?A,DOBRA,"3,735"
DaMBOVI?A,DOICESTI,"5,029"
DaMBOVI?A,DRAGODANA,"6,785"
DaMBOVI?A,DRAGOMIRESTI,"8,807"
DaMBOVI?A,FINTA,"4,355"
DaMBOVI?A,GLODENI,"4,284"
DaMBOVI?A,GURA FOII,"2,172"
DaMBOVI?A,GURA OCNITEI,"7,698"
DaMBOVI?A,GURA SUTII,"5,340"
DaMBOVI?A,HULUBESTI,"3,325"
DaMBOVI?A,I. L. CARAGIALE,"7,078"
DaMBOVI?A,IEDERA,"4,003"
DaMBOVI?A,LUCIENI,"3,131"
DaMBOVI?A,LUDESTI,"5,147"
DaMBOVI?A,LUNGULETU,"5,727"
DaMBOVI?A,MALU CU FLORI,"2,382"
DaMBOVI?A,MANESTI,"5,171"
DaMBOVI?A,MATASARU,"5,436"
DaMBOVI?A,MOGOSANI,"4,243"
DaMBOVI?A,MOROIENI,"5,174"
DaMBOVI?A,MORTENI,"2,889"
DaMBOVI?A,MOTAIENI,"2,183"
DaMBOVI?A,NICULESTI,"4,466"
DaMBOVI?A,NUCET,"4,333"
DaMBOVI?A,OCNITA,"4,458"
DaMBOVI?A,ODOBESTI,"4,946"
DaMBOVI?A,PERSINARI,"3,100"
DaMBOVI?A,PETRESTI,"5,794"
DaMBOVI?A,PIETRARI,"2,533"
DaMBOVI?A,PIETROSITA,"3,170"
DaMBOVI?A,POIANA,"3,771"
DaMBOVI?A,POTLOGI,"8,847"
DaMBOVI?A,PRODULESTI,"3,392"
DaMBOVI?A,PUCHENI,"1,980"
DaMBOVI?A,RACIU,"3,464"
DaMBOVI?A,RASCAETI,"2,285"
DaMBOVI?A,RAU ALB,"1,564"
DaMBOVI?A,RAZVAD,"9,104"
DaMBOVI?A,RUNCU,"4,580"
DaMBOVI?A,SALCIOARA,"3,940"
DaMBOVI?A,SELARU,"3,335"
DaMBOVI?A,SLOBOZIA MOARA,"2,241"
DaMBOVI?A,SOTANGA,"7,054"
DaMBOVI?A,TARTASESTI,"5,263"
DaMBOVI?A,TATARANI,"5,453"
DaMBOVI?A,ULIESTI,"4,342"
DaMBOVI?A,ULMI,"4,425"
DaMBOVI?A,VACARESTI,"5,104"
DaMBOVI?A,VALEA MARE,"2,235"
DaMBOVI?A,VALEALUNGA,"4,842"
DaMBOVI?A,VALENI DAMBOVITA,"2,715"
DaMBOVI?A,VARFURI,"1,914"
DaMBOVI?A,VISINA,"4,002"
DaMBOVI?A,VISINESTI,"1,960"
DaMBOVI?A,VLADENI,"2,807"
DaMBOVI?A,VOINESTI,"6,133"
DaMBOVI?A,VULCANA BAI,"3,308"
DaMBOVI?A,VULCANA PANDELE,"5,243"
DAMBOVITA Total,,"526,244"
DOLJ,CRAIOVA,"294,510"
DOLJ,BAILESTI,"19,150"
DOLJ,CALAFAT,"16,732"
DOLJ,BECHET,"3,883"
DOLJ,DABULENI,"12,265"
DOLJ,FILIASI,"18,206"
DOLJ,SEGARCEA,"7,989"
DOLJ,AFUMATI,"2,849"
DOLJ,ALMAJ,"1,921"
DOLJ,AMARASTII DE JOS,"5,643"
DOLJ,AMARASTII DE SUS,"1,366"
DOLJ,APELE VII,"2,146"
DOLJ,ARGETOAIA,"4,569"
DOLJ,BIRCA,"3,919"
DOLJ,BISTRET,"4,281"
DOLJ,BOTOSESTI-PAIA,785
DOLJ,BRABOVA,"1,358"
DOLJ,BRADESTI,"4,549"
DOLJ,BRALOSTITA,"3,788"
DOLJ,BRATOVOIESTI,"3,244"
DOLJ,BREASTA,"4,081"
DOLJ,BUCOVAT,"4,183"
DOLJ,BULZESTI,"1,546"
DOLJ,CALARASI,"5,958"
DOLJ,CALOPAR,"3,877"
DOLJ,CARAULA,"2,459"
DOLJ,CARCEA,"2,209"
DOLJ,CARNA,"1,508"
DOLJ,CARPEN,"2,413"
DOLJ,CASTRANOVA,"3,323"
DOLJ,CATANE,"2,053"
DOLJ,CELARU,"4,479"
DOLJ,CERAT,"4,069"
DOLJ,CERNATESTI,"1,833"
DOLJ,CETATE,"5,434"
DOLJ,CIOROIASI,"1,549"
DOLJ,CIUPERCENII NOI,"5,403"
DOLJ,COSOVENI,"3,092"
DOLJ,COTOFENII DIN DOS,"2,381"
DOLJ,COTOFENII DIN FATA,"2,063"
DOLJ,DANETI,"6,206"
DOLJ,DESA,"4,830"
DOLJ,DIOSTI,"3,024"
DOLJ,DOBRESTI,"2,474"
DOLJ,DOBROTESTI,"1,856"
DOLJ,DRAGOTESTI,"2,240"
DOLJ,DRANIC,"2,580"
DOLJ,FARCAS,"1,940"
DOLJ,GALICEA MARE,"4,239"
DOLJ,GALICIUICA,"1,631"
DOLJ,GHERCESTI,"1,691"
DOLJ,GHIDICI,"2,504"
DOLJ,GHINDENI,"1,851"
DOLJ,GIGHERA,"3,052"
DOLJ,GINGIOVA,"2,540"
DOLJ,GIUBEGA,"2,082"
DOLJ,GIURGITA,"2,877"
DOLJ,GOGOSU,674
DOLJ,GOICEA,"2,678"
DOLJ,GOIESTI,"3,096"
DOLJ,GRECESTI,"1,717"
DOLJ,INTORSURA,"1,508"
DOLJ,ISALNITA,"3,996"
DOLJ,IZVOARE,"1,749"
DOLJ,LEU,"4,703"
DOLJ,LIPOVU,"3,208"
DOLJ,MACESU DE JOS,"1,312"
DOLJ,MACESU DE SUS,"1,320"
DOLJ,MAGLAVIT,"5,098"
DOLJ,MALU MARE,"3,871"
DOLJ,MELINESTI,"4,122"
DOLJ,MIRSANI,"4,610"
DOLJ,MISCHII,"1,704"
DOLJ,MOTATEI,"7,266"
DOLJ,MURGASI,"2,578"
DOLJ,NEGOI,"2,305"
DOLJ,ORODEL,"2,836"
DOLJ,OSTROVENI,"5,055"
DOLJ,PERISOR,"1,807"
DOLJ,PIELESTI,"3,704"
DOLJ,PISCU VECHI,"2,576"
DOLJ,PLENITA,"4,722"
DOLJ,PLESOI,"1,285"
DOLJ,PODARI,"6,931"
DOLJ,POIANA MARE,"11,396"
DOLJ,PREDESTI,"2,000"
DOLJ,RADOVAN,"1,284"
DOLJ,RAST,"3,519"
DOLJ,ROBANESTI,"2,379"
DOLJ,ROJISTE,"2,605"
DOLJ,SADOVA,"8,466"
DOLJ,SALCUTA,"2,175"
DOLJ,SCAIESTI,"2,115"
DOLJ,SEACA DE CIMP,"1,892"
DOLJ,SEACA DE PADURE,"1,018"
DOLJ,SECU,"1,055"
DOLJ,SILISTEA CRUCII,"1,573"
DOLJ,SIMNICU DE SUS,"4,555"
DOLJ,SOPOT,"1,611"
DOLJ,TALPAS,"1,558"
DOLJ,TEASC,"3,161"
DOLJ,TERPEZITA,"1,682"
DOLJ,TESLUI,"2,420"
DOLJ,TUGLUI,"2,886"
DOLJ,UNIREA,"3,891"
DOLJ,URZICUTA,"2,907"
DOLJ,VALEA STANCIULUI,"5,423"
DOLJ,VARTOP,"1,529"
DOLJ,VARVORU DE JOS,"2,837"
DOLJ,VELA,"1,909"
DOLJ,VERBITA,"1,297"
DOLJ Total,,"690,257"
GALA?I,GALATI,"285,416"
GALA?I,TECUCI,"41,891"
GALA?I,BERESTI,"3,134"
GALA?I,TARGU BUJOR,"7,403"
GALA?I,BALABANESTI,"2,128"
GALA?I,BALASESTI,"2,377"
GALA?I,BALENI,"2,432"
GALA?I,BANEASA,"2,127"
GALA?I,BARCEA,"6,261"
GALA?I,BERESTI-MERIA,"3,857"
GALA?I,BRAHASESTI,"8,975"
GALA?I,BRANISTEA,"4,336"
GALA?I,BUCIUMENI,"2,555"
GALA?I,CAVADINESTI,"2,982"
GALA?I,CERTESTI,"2,316"
GALA?I,CORNI,"2,123"
GALA?I,COROD,"7,219"
GALA?I,COSMESTI,"6,600"
GALA?I,COSTACHE NEGRI,"2,672"
GALA?I,CUCA,"2,251"
GALA?I,CUDALBI,"7,536"
GALA?I,CUZA VODA,"3,236"
GALA?I,DRAGANESTI,"6,199"
GALA?I,DRAGUSENI,"5,657"
GALA?I,FIRTANESTI,"5,219"
GALA?I,FOLTESTI,"3,390"
GALA?I,FRUMUSITA,"5,436"
GALA?I,FUNDENI,"3,894"
GALA?I,GHIDIGENI,"6,597"
GALA?I,GOHOR,"3,469"
GALA?I,GRIVITA,"3,750"
GALA?I,INDEPENDENTA,"4,755"
GALA?I,IVESTI,"9,634"
GALA?I,JORASTI,"1,858"
GALA?I,LIESTI,"10,608"
GALA?I,MASTACANI,"4,723"
GALA?I,MATCA,"12,093"
GALA?I,MOVILENI,"3,249"
GALA?I,MUNTENI,"7,071"
GALA?I,NAMOLOASA,"2,010"
GALA?I,NEGRILESTI,"2,941"
GALA?I,NICORESTI,"3,886"
GALA?I,OANCEA,"1,392"
GALA?I,PECHEA,"11,188"
GALA?I,PISCU,"4,935"
GALA?I,POIANA,"1,846"
GALA?I,PRIPONESTI,"2,333"
GALA?I,RADESTI,"1,469"
GALA?I,REDIU,"2,024"
GALA?I,SCHELA,"3,874"
GALA?I,SCINTEIESTI,"2,445"
GALA?I,SENDRENI,"4,300"
GALA?I,SLOBOZIA-CONACHI,"3,569"
GALA?I,SMIRDAN,"5,325"
GALA?I,SMULTI,"1,355"
GALA?I,SUCEVENI,"1,934"
GALA?I,SUHURLUI,"1,563"
GALA?I,TEPU,"2,563"
GALA?I,TUDOR-VLADIMIRESCU,"5,442"
GALA?I,TULUCESTI,"7,460"
GALA?I,UMBRARESTI,"6,991"
GALA?I,VALEA-MARULUI,"3,571"
GALA?I,VINATORI,"5,314"
GALA?I,VIRLEZI,"2,064"
GALA?I,VLADESTI,"1,965"
GALATI Total,,"601,188"
GIURGIU,GIURGIU,"65,756"
GIURGIU,BOLINTIN VALE,"12,813"
GIURGIU,MIHAILESTI,"7,557"
GIURGIU,ADUNATII COPACENI,"6,505"
GIURGIU,BANEASA,"5,095"
GIURGIU,BOLINTIN DEAL,"6,176"
GIURGIU,BUCSANI,"3,699"
GIURGIU,BULBUCATA,"1,382"
GIURGIU,BUTURUGENI,"3,927"
GIURGIU,CALUGARENI,"6,093"
GIURGIU,CLEJANI,"3,409"
GIURGIU,COLIBASI,"3,387"
GIURGIU,COMANA,"7,310"
GIURGIU,COSOBA,"2,449"
GIURGIU,CREVEDIA MARE,"5,010"
GIURGIU,DAIA,"2,643"
GIURGIU,FLORESTI STOENESTI,"8,824"
GIURGIU,FRATESTI,"5,679"
GIURGIU,GAISENI,"5,522"
GIURGIU,GAUJANI,"2,437"
GIURGIU,GHIMPATI,"5,501"
GIURGIU,GOGOSARI,"1,929"
GIURGIU,GOSTINARI,"2,518"
GIURGIU,GOSTINU,"2,028"
GIURGIU,GRADINARI,"3,301"
GIURGIU,GREACA,"2,347"
GIURGIU,HERESTI,"2,284"
GIURGIU,HOTARELE,"3,442"
GIURGIU,IEPURESTI,"1,782"
GIURGIU,ISVOARELE,"1,931"
GIURGIU,IZVOARELE,"3,678"
GIURGIU,JOITA,"3,391"
GIURGIU,LETCA NOUA,"3,334"
GIURGIU,MALU,"2,444"
GIURGIU,MARSA,"2,727"
GIURGIU,MIHAI BRAVU,"2,450"
GIURGIU,OGREZENI,"4,604"
GIURGIU,OINACU,"3,490"
GIURGIU,PRUNDU,"4,253"
GIURGIU,PUTINEIU,"2,564"
GIURGIU,RASUCENI,"2,190"
GIURGIU,ROATA DE JOS,"8,171"
GIURGIU,SABARENI,"2,634"
GIURGIU,SCHITU,"1,807"
GIURGIU,SINGURENI,"3,088"
GIURGIU,SLOBOZIA,"2,458"
GIURGIU,STANESTI,"2,893"
GIURGIU,STOENESTI,"2,024"
GIURGIU,TOPORU,"2,066"
GIURGIU,ULMI,"7,665"
GIURGIU,VALEA DRAGULUI,"2,939"
GIURGIU,VANATORII MICI,"4,514"
GIURGIU,VARASTI,"5,786"
GIURGIU,VEDEA,"2,781"
GIURGIU Total,,"276,687"
GORJ,TG-JIU,"95,964"
GORJ,MOTRU,"21,670"
GORJ,BUMBESTI-JIU,"10,095"
GORJ,NOVACI,"5,908"
GORJ,ROVINARI,"13,291"
GORJ,TG-CARBUNESTI,"8,821"
GORJ,TICLENI,"5,094"
GORJ,TISMANA,"7,550"
GORJ,TURCENI,"8,131"
GORJ,ALBENI,"2,959"
GORJ,ALIMPESTI,"2,066"
GORJ,ANINOASA,"3,822"
GORJ,ARCANI,"1,339"
GORJ,BAIA DE FIER,"4,183"
GORJ,BALANESTI,"2,177"
GORJ,BALESTI,"7,607"
GORJ,BARBATESTI,"1,741"
GORJ,BENGESTI CIOCADIA,"3,219"
GORJ,BERLESTI,"2,249"
GORJ,BILTENI,"7,634"
GORJ,BOLBOSI,"3,251"
GORJ,BORASCU,"3,475"
GORJ,BRANESTI,"2,441"
GORJ,BUMBESTI PITIC,"2,263"
GORJ,BUSTUCHIN,"3,393"
GORJ,CAPRENI,"2,037"
GORJ,CATUNELE,"2,633"
GORJ,CILNIC,"2,179"
GORJ,CIUPERCENI,"1,760"
GORJ,CRASNA,"5,027"
GORJ,CRUSET,"3,409"
GORJ,DANCIULESTI,"2,552"
GORJ,DANESTI,"3,743"
GORJ,DRAGOTESTI,"2,604"
GORJ,DRAGUTESTI,"5,324"
GORJ,FARCASESTI,"3,371"
GORJ,GLOGOVA,"1,870"
GORJ,GODINESTI,"2,131"
GORJ,HUREZANI,"1,675"
GORJ,IONESTI,"2,430"
GORJ,JUPINESTI,"2,257"
GORJ,LELESTI,"1,836"
GORJ,LICURICI,"2,318"
GORJ,LOGRESTI,"2,739"
GORJ,MATASARI,"5,219"
GORJ,MUSETESTI,"2,014"
GORJ,NEGOMIR,"3,814"
GORJ,PADES,"4,951"
GORJ,PESTISANI,"3,928"
GORJ,PLOPSORU,"6,759"
GORJ,POLOVRAGI,"2,873"
GORJ,PRIGORIA,"3,113"
GORJ,ROSIA DE AMARADIA,"3,163"
GORJ,RUNCU,"5,383"
GORJ,SACELU,"1,595"
GORJ,SAMARINESTI,"1,847"
GORJ,SAULESTI,"2,246"
GORJ,SCHELA,"1,674"
GORJ,SCOARTA,"4,855"
GORJ,SLIVILESTI,"3,532"
GORJ,STANESTI,"2,478"
GORJ,STEJARI,"2,817"
GORJ,STOINA,"2,419"
GORJ,TELESTI,"2,814"
GORJ,TINTARENI,"5,699"
GORJ,TURBUREA,"4,510"
GORJ,TURCINESTI,"2,174"
GORJ,URDARI,"3,037"
GORJ,VAGIULESTI,"2,632"
GORJ,VLADIMIR,"3,077"
GORJ Total,,"370,861"
HARGHITA,MIERCUREA-CIUC,"40,791"
HARGHITA,GHEORGHENI,"19,502"
HARGHITA,ODORHEIU-SECUIESC,"35,970"
HARGHITA,TOPLI?A,"15,073"
HARGHITA,B?ILE-TU?NAD,"1,564"
HARGHITA,B?LAN,"7,037"
HARGHITA,BORSEC,"2,711"
HARGHITA,CRISTURU-SECUIESC,"10,193"
HARGHITA,VL?HI?A,"7,117"
HARGHITA,ATID,"2,891"
HARGHITA,AVR?ME?TI,"2,626"
HARGHITA,BILBOR,"2,677"
HARGHITA,BR?DE?TI,"1,879"
HARGHITA,C?PaLNI?A,"2,044"
HARGHITA,CaR?A,"2,723"
HARGHITA,CICEU,"2,802"
HARGHITA,CIUCSaNGEORGIU,"4,842"
HARGHITA,CIUMANI,"4,385"
HARGHITA,CORBU,"1,574"
HARGHITA,CORUND,"6,427"
HARGHITA,COZMENI,"2,178"
HARGHITA,D?NE?TI,"2,315"
HARGHITA,DaRJIU,"1,069"
HARGHITA,DEALU,"4,001"
HARGHITA,DITR?U,"5,687"
HARGHITA,FELICENI,"3,408"
HARGHITA,FRUMOASA,"3,694"
HARGHITA,G?L?U?A?,"2,672"
HARGHITA,JOSENI,"5,685"
HARGHITA,L?ZAREA,"3,404"
HARGHITA,LELICENI,"2,041"
HARGHITA,LUETA,"3,596"
HARGHITA,LUNCA DE JOS,"5,330"
HARGHITA,LUNCA DE SUS,"3,450"
HARGHITA,LUPENI,"4,544"
HARGHITA,M?D?RA?,"2,222"
HARGHITA,M?RTINI?,"3,184"
HARGHITA,MERE?TI,"1,333"
HARGHITA,MIH?ILENI,"2,654"
HARGHITA,MUGENI,"3,753"
HARGHITA,OCLAND,"1,281"
HARGHITA,P?ULENI-CIUC,"1,878"
HARGHITA,PL?IE?II DE JOS,"2,922"
HARGHITA,PORUMBENI,"1,882"
HARGHITA,PRAID,"6,689"
HARGHITA,RACU,"1,608"
HARGHITA,REMETEA,"6,168"
HARGHITA,SATU-MARE,"1,993"
HARGHITA,S?CEL,"1,262"
HARGHITA,S?RMA?,"4,012"
HARGHITA,SaNCR?IENI,"2,633"
HARGHITA,SaNDOMINIC,"6,395"
HARGHITA,SaNMARTIN,"2,368"
HARGHITA,SaNSIMION,"3,591"
HARGHITA,SaNTIMBRU,"2,079"
HARGHITA,SECUIENI,"2,799"
HARGHITA,SICULENI,"2,854"
HARGHITA,SUBCETATE,"1,904"
HARGHITA,SUSENI,"5,034"
HARGHITA,?IMONE?TI,"3,860"
HARGHITA,TOME?TI,"2,637"
HARGHITA,TULGHE?,"3,219"
HARGHITA,TU?NAD,"2,076"
HARGHITA,ULIE?,"1,280"
HARGHITA,V?R?AG,"1,555"
HARGHITA,VO?LOBENI,"2,003"
HARGHITA,ZETEA,"5,844"
HARGHITA Total,,"322,874"
HUNEDOARA,DEVA,"65,351"
HUNEDOARA,BRAD,"15,170"
HUNEDOARA,HUNEDOARA,"67,390"
HUNEDOARA,LUPENI,"27,687"
HUNEDOARA,ORASTIE,"21,048"
HUNEDOARA,PETROSANI,"40,925"
HUNEDOARA,VULCAN,"27,364"
HUNEDOARA,ANINOASA,"4,524"
HUNEDOARA,CALAN,"12,495"
HUNEDOARA,GEOAGIU,"5,520"
HUNEDOARA,HATEG,"10,802"
HUNEDOARA,PETRILA,"23,913"
HUNEDOARA,SIMERIA,"13,171"
HUNEDOARA,URICANI,"8,954"
HUNEDOARA,BACIA,"1,878"
HUNEDOARA,BAIA DE CRIS,"2,680"
HUNEDOARA,BAITA,"3,736"
HUNEDOARA,BALSA,863
HUNEDOARA,BANITA,"1,318"
HUNEDOARA,BARU MARE,"2,865"
HUNEDOARA,BATRANA,143
HUNEDOARA,BERIU,"3,221"
HUNEDOARA,BLAJENI,"1,144"
HUNEDOARA,BOSOROD,"2,020"
HUNEDOARA,BRANISCA,"1,691"
HUNEDOARA,BRETEA ROMANA,"2,931"
HUNEDOARA,BUCES,"1,957"
HUNEDOARA,BUCURESCI,"1,594"
HUNEDOARA,BULZESTI,305
HUNEDOARA,BUNILA,341
HUNEDOARA,BURJUC,860
HUNEDOARA,CARJITI,668
HUNEDOARA,CERBAL,470
HUNEDOARA,CERTEJUL DE SUS,"3,117"
HUNEDOARA,CRISCIOR,"3,971"
HUNEDOARA,DENSUS,"1,512"
HUNEDOARA,DOBRA,"3,270"
HUNEDOARA,GENERAL BERTHELOT,984
HUNEDOARA,GHELARI,"2,047"
HUNEDOARA,GURASADA,"1,506"
HUNEDOARA,HARAU,"2,170"
HUNEDOARA,ILIA,"3,750"
HUNEDOARA,LAPUGIU DE SUS,"1,549"
HUNEDOARA,LELESE,426
HUNEDOARA,LUNCA CERNII,846
HUNEDOARA,LUNCOIUL DE JOS,"1,852"
HUNEDOARA,MARTINESTI,971
HUNEDOARA,ORASTIOARA DE SUS,"2,194"
HUNEDOARA,PESTISU MIC,"1,238"
HUNEDOARA,PUI,"4,276"
HUNEDOARA,RACHITOVA,"1,314"
HUNEDOARA,RAPOLTU MARE,"1,935"
HUNEDOARA,RIBITA,"1,415"
HUNEDOARA,RIU DE MORI,"3,173"
HUNEDOARA,ROMOS,"2,828"
HUNEDOARA,SALASU DE SUS,"2,366"
HUNEDOARA,SARMISEGETUSA,"1,233"
HUNEDOARA,SINTAMARIA ORLEA,"3,158"
HUNEDOARA,SOIMUS,"3,532"
HUNEDOARA,TELIUC,"2,454"
HUNEDOARA,TOMESTI,"1,073"
HUNEDOARA,TOPLITA,791
HUNEDOARA,TOTESTI,"1,877"
HUNEDOARA,TURDAS,"2,043"
HUNEDOARA,VALISOARA,"1,252"
HUNEDOARA,VATA DE JOS,"3,705"
HUNEDOARA,VETEL,"2,783"
HUNEDOARA,VORTA,821
HUNEDOARA,ZAM,"1,630"
HUNEDOARA Total,,"450,061"
IALOMI?A,SLOBOZIA,"51,079"
IALOMI?A,FETESTI,"33,588"
IALOMI?A,URZICENI,"16,751"
IALOMI?A,AMARA,"8,024"
IALOMI?A,CAZANESTI,"3,462"
IALOMI?A,FIERBINTI TARG,"4,508"
IALOMI?A,TANDAREI,"13,222"
IALOMI?A,ADANCATA,"2,539"
IALOMI?A,ALBESTI,"1,115"
IALOMI?A,ALEXENI,"2,258"
IALOMI?A,ANDRASESTI,"2,189"
IALOMI?A,ARMASESTI,"2,250"
IALOMI?A,AXINTELE,"2,356"
IALOMI?A,BALACIU,"1,604"
IALOMI?A,BARBULESTI,"6,566"
IALOMI?A,BARCANESTI,"3,503"
IALOMI?A,BORANESTI,"2,937"
IALOMI?A,BORDUSANI,"5,008"
IALOMI?A,BRAZII (RADULESTI),"1,106"
IALOMI?A,BUCU,"2,242"
IALOMI?A,BUIESTI,"1,205"
IALOMI?A,CIOCARLIA,729
IALOMI?A,CIOCHINA,"3,161"
IALOMI?A,CIULNITA,"2,508"
IALOMI?A,COCORA,"1,800"
IALOMI?A,COLELIA,"1,428"
IALOMI?A,COSAMBESTI,"1,637"
IALOMI?A,COSERENI,"4,005"
IALOMI?A,DRAGOESTI,894
IALOMI?A,DRIDU,"3,198"
IALOMI?A,FACAENI,"5,526"
IALOMI?A,GARBOVI,"3,842"
IALOMI?A,GHEORGHE DOJA,"2,690"
IALOMI?A,GHEORGHE LAZAR,"2,274"
IALOMI?A,GIURGENI,"1,505"
IALOMI?A,GRINDU,"2,021"
IALOMI?A,GRIVITA,"2,864"
IALOMI?A,GURA IALOMITEI,"2,884"
IALOMI?A,ION ROATA,"3,512"
IALOMI?A,JILAVELE,"3,481"
IALOMI?A,M. BUZAU,"3,472"
IALOMI?A,M. KOGALN.,"3,001"
IALOMI?A,MAIA,"1,763"
IALOMI?A,MANASIA,"4,722"
IALOMI?A,MARCULESTI,"1,676"
IALOMI?A,MILOSESTI,"2,661"
IALOMI?A,MOLDOVENI,"1,298"
IALOMI?A,MOVILA,"1,951"
IALOMI?A,MOVILITA,"2,259"
IALOMI?A,OGRADA,"3,195"
IALOMI?A,PERIETI,"3,704"
IALOMI?A,PLATONESTI,"2,102"
IALOMI?A,REVIGA,"2,864"
IALOMI?A,ROSIORI,"2,064"
IALOMI?A,SALCIOARA,"2,210"
IALOMI?A,SARATENI,"1,277"
IALOMI?A,SAVENI,"3,207"
IALOMI?A,SCANTEIA,"4,047"
IALOMI?A,SFANTUL GHEORGHE,"1,926"
IALOMI?A,SINESTI,"2,468"
IALOMI?A,STELNICA,"1,739"
IALOMI?A,SUDITI,"2,098"
IALOMI?A,TRAIAN,"3,773"
IALOMI?A,VALEA CIORII,"1,886"
IALOMI?A,VALEA MACRISULUI,"1,710"
IALOMI?A,VLADENI,"2,017"
IALOMITA Total,,"282,561"
IA?I,IASI,"327,813"
IA?I,PASCANI,"40,983"
IA?I,HARLAU,"11,815"
IA?I,PODU ILOAIE,"10,727"
IA?I,TARGU FRUMOS,"13,273"
IA?I,ALEX. I. CUZA,"2,859"
IA?I,ANDRIESENI,"4,343"
IA?I,ARONEANU,"3,646"
IA?I,BALS,"3,356"
IA?I,BALTATI,"5,300"
IA?I,BELCESTI,"11,055"
IA?I,BIRNOVA,"5,974"
IA?I,BIVOLARI,"4,374"
IA?I,BRAESTI,"3,021"
IA?I,BUTEA,"4,087"
IA?I,CEPLENITA,"4,385"
IA?I,CIOHORANI,"2,140"
IA?I,CIORTESTI,"4,031"
IA?I,CIUREA,"13,438"
IA?I,COARNELE CAPREI,"2,964"
IA?I,COMARNA,"4,750"
IA?I,COSTESTI,"1,900"
IA?I,COSTULENI,"4,616"
IA?I,COTNARI,"7,658"
IA?I,COZMESTI,"2,872"
IA?I,CRISTESTI,"4,188"
IA?I,CUCUTENI,"1,278"
IA?I,DAGITA,"4,806"
IA?I,DELENI,"10,258"
IA?I,DOBROVAT,"2,393"
IA?I,DOLHESTI,"2,785"
IA?I,DRAGUSENI,"1,576"
IA?I,DUMESTI,"4,798"
IA?I,ERBICENI,"5,796"
IA?I,FANTANELE,"2,282"
IA?I,FOCURI,"3,610"
IA?I,GOLAESTI,"4,122"
IA?I,GORBAN,"2,990"
IA?I,GRAJDURI,"3,387"
IA?I,GROPNITA,"3,184"
IA?I,GROZESTI,"1,738"
IA?I,HALAUCESTI,"5,703"
IA?I,HARMANESTI,"2,503"
IA?I,HELESTENI,"2,634"
IA?I,HOLBOCA,"13,970"
IA?I,HORLESTI,"2,876"
IA?I,ION NECULCE (FOST TIRGU FRUMOS),"5,813"
IA?I,IPATELE,"1,942"
IA?I,LESPEZI,"5,831"
IA?I,LETCANI,"7,342"
IA?I,LUNGANI,"6,053"
IA?I,MADARJAC,"1,549"
IA?I,MIRCESTI,"3,727"
IA?I,MIRONEASA,"4,850"
IA?I,MIROSLAVA,"13,485"
IA?I,MIROSLOVESTI,"4,489"
IA?I,MOGOSESTI - SIRET,"3,917"
IA?I,MOGOSESTI-IASI,"5,389"
IA?I,MOSNA,"1,812"
IA?I,MOTCA,"5,214"
IA?I,MOVILENI,"3,134"
IA?I,OTELENI,"3,547"
IA?I,PLUGARI,"3,481"
IA?I,POPESTI,"4,301"
IA?I,POPRICANI,"8,316"
IA?I,PRISACANI,"3,390"
IA?I,PROBOTA,"3,678"
IA?I,RACHITENI,"3,381"
IA?I,RADUCANENI,"7,745"
IA?I,REDIU,"5,748"
IA?I,ROMANESTI,"1,733"
IA?I,ROSCANI,"1,730"
IA?I,RUGINOASA,"6,339"
IA?I,SCHEIA,"3,415"
IA?I,SCHITU-DUCA,"4,448"
IA?I,SCINTEIA,"4,810"
IA?I,SCOBINTI,"7,446"
IA?I,SINESTI,"4,450"
IA?I,SIPOTE,"5,246"
IA?I,SIRETEL,"4,150"
IA?I,STOLNICENI-PRAJESCU,"5,377"
IA?I,STRUNGA,"4,249"
IA?I,TANSA,"2,668"
IA?I,TATARUSI,"5,459"
IA?I,TIBANA,"8,027"
IA?I,TIBANESTI,"8,080"
IA?I,TIGANASI,"4,681"
IA?I,TODIRESTI,"4,916"
IA?I,TOMESTI,"13,147"
IA?I,TRIFESTI,"3,802"
IA?I,TUTORA,"2,025"
IA?I,UNGHENI (FOST BOSIA),"4,464"
IA?I,VALEA LUPULUI,"5,534"
IA?I,VALEA-SEACA,"6,091"
IA?I,VICTORIA,"4,445"
IA?I,VINATORI,"4,579"
IA?I,VLADENI,"4,365"
IA?I,VOINESTI,"7,603"
IASI Total,,"849,670"
ILFOV,BUFTEA,"22,064"
ILFOV,BRAGADIRU,"13,948"
ILFOV,CHITILA,"14,051"
ILFOV,MAGURELE,"9,569"
ILFOV,OTOPENI,"13,212"
ILFOV,PANTELIMON,"24,703"
ILFOV,POPESTI,"20,817"
ILFOV,VOLUNTARI,"39,006"
ILFOV,AFUMATI,"7,583"
ILFOV,BALOTESTI,"7,498"
ILFOV,BERCENI,"4,884"
ILFOV,BRANESTI,"8,920"
ILFOV,CERNICA,"10,430"
ILFOV,CHIAJNA,"12,782"
ILFOV,CIOLPANI,"4,663"
ILFOV,CIOROGARLA,"5,542"
ILFOV,CLINCENI,"5,724"
ILFOV,COPACENI,"3,330"
ILFOV,CORBEANCA,"5,682"
ILFOV,CORNETU,"5,553"
ILFOV,DARASTI,"2,648"
ILFOV,DASCALU,"2,771"
ILFOV,DOBROESTI,"8,149"
ILFOV,DOMNESTI,"7,458"
ILFOV,DRAGOMIRESTI,"4,820"
ILFOV,GANEASA,"4,962"
ILFOV,GLINA,"7,492"
ILFOV,GRADISTEA,"3,032"
ILFOV,GRUIU,"6,936"
ILFOV,I DECEMBRIE,"7,166"
ILFOV,JILAVA,"10,054"
ILFOV,MOARA VLASIEI,"6,170"
ILFOV,MOGOSOAIA,"7,084"
ILFOV,NUCI,"2,908"
ILFOV,PERIS,"7,368"
ILFOV,PETRECHIOAIA,"3,119"
ILFOV,SNAGOV,"6,958"
ILFOV,STEFANESTI,"6,021"
ILFOV,TUNARI,"5,096"
ILFOV,VIDRA,"8,297"
ILFOV Total,,"358,470"
MARAMURE?,BAIA MARE,"136,127"
MARAMURE?,SIGHETU MARMATIEI,"40,571"
MARAMURE?,BAIA SPRIE,"16,423"
MARAMURE?,BORSA,"28,389"
MARAMURE?,CAVNIC,"5,079"
MARAMURE?,DRAGOMIRESTI,"3,171"
MARAMURE?,SALISTEA DE SUS,"4,978"
MARAMURE?,SEINI,"10,290"
MARAMURE?,SOMCUTA MARE,"8,042"
MARAMURE?,TARGU LAPUS,"12,759"
MARAMURE?,TAUTII MAGHERAUS,"8,109"
MARAMURE?,ULMENI,"7,491"
MARAMURE?,VISEU DE SUS,"15,995"
MARAMURE?,ARDUSAT,"2,942"
MARAMURE?,ARINIS,"1,030"
MARAMURE?,ASUAJU DE SUS,"1,438"
MARAMURE?,BAITA DE SUB CODRU,"1,837"
MARAMURE?,BAIUT,"2,295"
MARAMURE?,BASESTI,"1,503"
MARAMURE?,BICAZ,"1,082"
MARAMURE?,BIRSANA,"4,697"
MARAMURE?,BISTRA,"4,166"
MARAMURE?,BOCICOIU MARE,"4,430"
MARAMURE?,BOGDAN VODA,"3,059"
MARAMURE?,BOIU MARE,"1,176"
MARAMURE?,BOTIZA,"2,709"
MARAMURE?,BUDESTI,"3,148"
MARAMURE?,CALINESTI,"3,159"
MARAMURE?,CAMPULUNG LA TISA,"2,428"
MARAMURE?,CERNESTI,"3,629"
MARAMURE?,CICARLAU,"3,999"
MARAMURE?,COAS,"1,410"
MARAMURE?,COLTAU,"2,467"
MARAMURE?,COPALNIC MANASTUR,"5,790"
MARAMURE?,COROIENI,"2,319"
MARAMURE?,CUPSENI,"3,431"
MARAMURE?,DESESTI,"2,416"
MARAMURE?,DUMBRAVITA,"4,376"
MARAMURE?,FARCASA,"4,110"
MARAMURE?,GARDANI,"1,613"
MARAMURE?,GIULESTI,"3,110"
MARAMURE?,GROSI,"2,748"
MARAMURE?,GROSII TIBLESULUI,"2,016"
MARAMURE?,IEUD,"4,173"
MARAMURE?,LAPUS,"3,815"
MARAMURE?,LEORDINA,"2,460"
MARAMURE?,MIRESU MARE,"5,082"
MARAMURE?,MOISEI,"9,430"
MARAMURE?,OARTA DE JOS,"1,248"
MARAMURE?,OCNA SUGATAG,"4,140"
MARAMURE?,ONCESTI,"1,521"
MARAMURE?,PETROVA,"2,429"
MARAMURE?,POIENILE DE SUB MUNTE,"10,170"
MARAMURE?,POIENILE IZEI,929
MARAMURE?,RECEA,"6,099"
MARAMURE?,REMETEA CHIOARULUI,"2,912"
MARAMURE?,REMETI,"3,100"
MARAMURE?,REPEDEA,"5,018"
MARAMURE?,RONA DE JOS,"1,997"
MARAMURE?,RONA DE SUS,"4,480"
MARAMURE?,ROZAVLEA,"3,388"
MARAMURE?,RUSCOVA,"5,206"
MARAMURE?,SACALASENI,"2,565"
MARAMURE?,SACEL,"3,451"
MARAMURE?,SALSIG,"1,555"
MARAMURE?,SAPANTA,"3,293"
MARAMURE?,SARASAU,"2,627"
MARAMURE?,SATULUNG,"5,925"
MARAMURE?,SIEU,"2,558"
MARAMURE?,SISESTI,"5,385"
MARAMURE?,STRAMTURA,"3,773"
MARAMURE?,SUCIU DE SUS,"3,786"
MARAMURE?,VADU IZEI,"2,925"
MARAMURE?,VALEA CHIOARULUI,"2,148"
MARAMURE?,VIMA MICA,"1,366"
MARAMURE?,VISEU DE JOS,"5,347"
MARAMURES Total,,"506,258"
MEHEDIN?I,DR. TR. SEVERIN,"103,501"
MEHEDIN?I,ORSOVA,"11,945"
MEHEDIN?I,BAIA DE ARAMA,"5,626"
MEHEDIN?I,STREHAIA,"11,188"
MEHEDIN?I,VANJU MARE,"6,068"
MEHEDIN?I,BACLES,"1,993"
MEHEDIN?I,BALA,"4,294"
MEHEDIN?I,BALACITA,"2,898"
MEHEDIN?I,BALTA,"1,041"
MEHEDIN?I,BALVANESTI,976
MEHEDIN?I,BRANISTE,"1,853"
MEHEDIN?I,BREZNITA MOTRU,"1,545"
MEHEDIN?I,BREZNITA OCOL,"3,985"
MEHEDIN?I,BROSTENI,"2,955"
MEHEDIN?I,BURILA MARE,"2,258"
MEHEDIN?I,BUTOIESTI,"3,313"
MEHEDIN?I,CAZANESTI,"2,398"
MEHEDIN?I,CIRESU,554
MEHEDIN?I,CORCOVA,"5,972"
MEHEDIN?I,CORLATEL,"1,459"
MEHEDIN?I,CUJMIR,"3,481"
MEHEDIN?I,DARVARI,"2,640"
MEHEDIN?I,DEVESEL,"3,143"
MEHEDIN?I,DUBOVA,907
MEHEDIN?I,DUMBRAVA,"1,640"
MEHEDIN?I,ESELNITA,"3,021"
MEHEDIN?I,FLORESTI,"2,747"
MEHEDIN?I,GARLA MARE,"3,236"
MEHEDIN?I,GODEANU,662
MEHEDIN?I,GOGOSU,"4,496"
MEHEDIN?I,GRECI,"1,212"
MEHEDIN?I,GROZESTI,"2,069"
MEHEDIN?I,GRUIA,"3,064"
MEHEDIN?I,HINOVA,"2,862"
MEHEDIN?I,HUSNICIOARA,"1,368"
MEHEDIN?I,ILOVAT,"1,306"
MEHEDIN?I,ILOVITA,"1,381"
MEHEDIN?I,ISVERNA,"2,136"
MEHEDIN?I,IZVORUL BARZII,"2,925"
MEHEDIN?I,JIANA,"4,626"
MEHEDIN?I,LIVEZILE,"1,529"
MEHEDIN?I,MALOVAT,"2,942"
MEHEDIN?I,OBARSIA CAMP,"1,788"
MEHEDIN?I,OBARSIA CLOSANI,"1,095"
MEHEDIN?I,OPRISOR,"2,379"
MEHEDIN?I,PADINA,"1,348"
MEHEDIN?I,PATULE,"3,820"
MEHEDIN?I,PODENI,929
MEHEDIN?I,PONOARE,"2,684"
MEHEDIN?I,POROINA MARE,"1,124"
MEHEDIN?I,PRISTOL,"1,432"
MEHEDIN?I,PRUNISOR,"2,060"
MEHEDIN?I,PUNGHINA,"3,218"
MEHEDIN?I,ROGOVA,"1,425"
MEHEDIN?I,SALCIA,"2,912"
MEHEDIN?I,SIMIAN,"10,256"
MEHEDIN?I,SISESTI,"2,843"
MEHEDIN?I,SOVARNA,"1,240"
MEHEDIN?I,STANGACEAUA,"1,312"
MEHEDIN?I,SVINITA,952
MEHEDIN?I,TAMNA,"3,357"
MEHEDIN?I,VANATORI,"2,005"
MEHEDIN?I,VANJULET,"1,816"
MEHEDIN?I,VLADAIA,"1,672"
MEHEDIN?I,VOLOIAC,"1,732"
MEHEDIN?I,VRATA,"2,177"
MEHEDINTI Total,,"284,791"
MURE?,TaRGU MURE?,"141,595"
MURE?,REGHIN,"36,203"
MURE?,SIGHI?OARA,"31,227"
MURE?,TaRN?VENI,"24,770"
MURE?,IERNUT,"9,510"
MURE?,LUDU?,"17,248"
MURE?,MIERCUREA NIRAJ,"6,206"
MURE?,S?RMA?U,"7,344"
MURE?,SaNGEORGIU DE P?DURE,"5,529"
MURE?,SOVATA,"9,180"
MURE?,UNGHENI,"7,003"
MURE?,AC??ARI,"4,904"
MURE?,AD?MU?,"5,719"
MURE?,ALBE?TI,"6,139"
MURE?,ALUNI?,"3,206"
MURE?,APOLD,"3,235"
MURE?,A?INTI?,"1,606"
MURE?,BAHNEA,"3,813"
MURE?,BAND,"6,460"
MURE?,BATO?,"4,120"
MURE?,B?GACIU,"2,650"
MURE?,B?LA,735
MURE?,B?L?U?ERI,"4,916"
MURE?,BEICA DE JOS,"2,198"
MURE?,BERENI,"1,252"
MURE?,BICHI?,909
MURE?,BOGATA,"2,013"
MURE?,BRaNCOVENE?TI,"4,061"
MURE?,BREAZA,"2,569"
MURE?,CEUA?U DE CaMPIE,"6,111"
MURE?,CHE?ANI,"2,686"
MURE?,CHIBED,"1,668"
MURE?,CHIHERU DE JOS,"1,498"
MURE?,COROISaNMARTIN,"1,446"
MURE?,CORUNCA,"2,550"
MURE?,COZMA,598
MURE?,CR?CIUNE?TI,"4,142"
MURE?,CR?IE?TI,895
MURE?,CRISTE?TI,"5,962"
MURE?,CUCERDEA,"1,452"
MURE?,CUCI,"1,999"
MURE?,DANE?,"5,222"
MURE?,DEDA,"4,495"
MURE?,EREMITU,"4,122"
MURE?,ERNEI,"5,913"
MURE?,F?R?G?U,"1,725"
MURE?,FaNTaNELE,"4,861"
MURE?,G?LE?TI,"2,713"
MURE?,G?NE?TI,"3,935"
MURE?,GHEORGHE DOJA,"2,912"
MURE?,GHINDARI,"3,066"
MURE?,GLODENI,"3,879"
MURE?,GORNE?TI,"5,611"
MURE?,GREBENI?U DE CaMPIE,"1,608"
MURE?,GURGHIU,"6,134"
MURE?,HODAC,"5,090"
MURE?,HODO?A,"1,290"
MURE?,IB?NE?TI,"4,321"
MURE?,ICL?NZEL,"2,197"
MURE?,IDECIU DE JOS,"2,216"
MURE?,LIVEZENI,"3,009"
MURE?,LUNCA,"2,546"
MURE?,LUNCA BRADULUI,"2,015"
MURE?,M?D?RA?,"1,478"
MURE?,M?GHERANI,"1,333"
MURE?,MICA,"4,708"
MURE?,MIHE?U DE CaMPIE,"2,508"
MURE?,NADE?,"2,719"
MURE?,NEAUA,"1,324"
MURE?,OGRA,"2,588"
MURE?,PAPIU ILARIAN,927
MURE?,P?NET,"6,157"
MURE?,P?S?RENI,"1,740"
MURE?,PETELEA,"3,039"
MURE?,POG?CEAUA,"2,040"
MURE?,R?STOLI?A,"2,129"
MURE?,RaCIU,"3,576"
MURE?,RU?II MUN?I,"2,222"
MURE?,SASCHIZ,"2,102"
MURE?,S?R??ENI,"2,651"
MURE?,SaNCRAIU DE MURE?,"7,955"
MURE?,SaNGEORGIU DE MURE?,"9,586"
MURE?,SaNGER,"2,425"
MURE?,SaNPAUL,"4,565"
MURE?,SaNPETRU DE CaMPIE,"2,900"
MURE?,SaNTANA DE MURE?,"5,569"
MURE?,SOLOV?STRU,"2,942"
MURE?,STaNCENI,"1,514"
MURE?,SUPLAC,"2,204"
MURE?,SUSENI,"2,447"
MURE?,??ULIA,"2,161"
MURE?,?INCAI,"1,563"
MURE?,T?URENI,929
MURE?,VALEA LARG?,"3,126"
MURE?,V?RGATA,"1,957"
MURE?,V?TAVA,"1,862"
MURE?,VaN?TORI,"4,397"
MURE?,VE?CA,772
MURE?,VII?OARA,"1,765"
MURE?,VOIVODENI,"1,721"
MURE?,ZAG?R,"1,239"
MURE?,ZAU DE CaMPIE,"3,370"
MURES Total,,"576,417"
NEAM?,PIATRA NEAMT,"104,202"
NEAM?,ROMAN,"64,311"
NEAM?,BICAZ,"8,108"
NEAM?,ROZNOV,"9,896"
NEAM?,TARGU NEAMT,"20,308"
NEAM?,AGAPIA,"4,521"
NEAM?,ALEX CEL BUN,"5,932"
NEAM?,BAHNA,"3,490"
NEAM?,BALTATESTI,"4,199"
NEAM?,BARA,"1,905"
NEAM?,BARGAOANI,"3,862"
NEAM?,BICAZ CHEI,"4,673"
NEAM?,BICAZU ARDELEAN,"3,939"
NEAM?,BODESTI,"5,039"
NEAM?,BOGHICEA,"2,611"
NEAM?,BORCA,"6,554"
NEAM?,BORLESTI,"9,486"
NEAM?,BOTESTI,"4,798"
NEAM?,BOZIENI,"3,050"
NEAM?,BRUSTURI,"3,578"
NEAM?,CANDESTI,"4,065"
NEAM?,CEAHLAU,"2,411"
NEAM?,CORDUN,"7,728"
NEAM?,COSTISA,"3,594"
NEAM?,CRACAOANI,"4,532"
NEAM?,DAMUC,"2,992"
NEAM?,DOBRENI,"1,726"
NEAM?,DOCHIA,"2,860"
NEAM?,DOLJESTI,"7,491"
NEAM?,DRAGANESTI,"1,906"
NEAM?,DRAGOMIRESTI,"2,344"
NEAM?,DULCESTI,"2,581"
NEAM?,DUMBRAVA ROSIE,"8,176"
NEAM?,FARCASA,"3,168"
NEAM?,FAUREI,"2,164"
NEAM?,GADINTI,"2,742"
NEAM?,GARCINA,"4,870"
NEAM?,GHERAIESTI,"6,447"
NEAM?,GHINDAOANI,"2,055"
NEAM?,GIROV,"5,307"
NEAM?,GRINTIES,"2,478"
NEAM?,GRUMAZESTI,"5,402"
NEAM?,HANGU,"3,774"
NEAM?,HORIA,"7,363"
NEAM?,ICUSESTI,"4,596"
NEAM?,ION CREANGA,"5,813"
NEAM?,MARGINENI,"3,921"
NEAM?,MOLDOVENI,"2,292"
NEAM?,NEGRESTI,"1,944"
NEAM?,ONICENI,"3,641"
NEAM?,PANCESTI,"1,478"
NEAM?,PANGARATI,"5,389"
NEAM?,PASTRAVENI,"3,968"
NEAM?,PETRICANI,"6,054"
NEAM?,PIATRA SOIMULUI,"8,197"
NEAM?,PIPIRIG,"8,797"
NEAM?,PODOLENI,"5,542"
NEAM?,POIANA TEIULUI,"4,949"
NEAM?,POIENARI,"1,579"
NEAM?,RAUCESTI,"8,621"
NEAM?,RAZBOIENI,"2,249"
NEAM?,REDIU,"5,160"
NEAM?,ROMANI,"4,408"
NEAM?,RUGINOASA,"2,005"
NEAM?,SABAOANI,"11,127"
NEAM?,SAGNA,"5,081"
NEAM?,SAVINESTI,"6,585"
NEAM?,SECUIENI,"3,470"
NEAM?,ST CEL MARE,"3,284"
NEAM?,STANITA,"2,239"
NEAM?,TAMASENI,"9,395"
NEAM?,TARCAU,"3,524"
NEAM?,TASCA,"2,630"
NEAM?,TAZLAU,"2,906"
NEAM?,TIBUCANI,"4,307"
NEAM?,TIMISESTI,"4,042"
NEAM?,TRIFESTI,"5,191"
NEAM?,TUPILATI,"2,248"
NEAM?,URECHENI,"3,961"
NEAM?,VALEA URSULUI,"4,386"
NEAM?,VALENI,"1,724"
NEAM?,VANATORI,"8,783"
NEAM?,ZANESTI,"6,116"
NEAMT Total,,"554,240"
OLT,SLATINA,"75,219"
OLT,CARACAL,"33,479"
OLT,BALS,"20,289"
OLT,CORABIA,"18,361"
OLT,DRAGANESTI-OLT,"11,779"
OLT,PIATRA-OLT,"6,076"
OLT,POTCOAVA,"5,789"
OLT,SCORNICESTI,"12,107"
OLT,BABICIU,"2,113"
OLT,BALDOVINESTI,755
OLT,BALTENI,"2,077"
OLT,BARASTI,"1,593"
OLT,BARZA,"2,658"
OLT,BOBICESTI,"3,227"
OLT,BRANCOVENI,"2,796"
OLT,BRASTAVATU,"4,572"
OLT,BREBENI,"3,001"
OLT,BUCINISU,"2,079"
OLT,CALUI,"1,784"
OLT,CARLOGANI,"2,591"
OLT,CEZIENI,"1,773"
OLT,CILIENI,"3,145"
OLT,COLONESTI,"2,091"
OLT,CORBU,"2,458"
OLT,COTEANA,"2,840"
OLT,CRAMPOIA,"3,572"
OLT,CUNGREA,"2,258"
OLT,CURTISOARA,"4,575"
OLT,DANEASA,"3,544"
OLT,DEVESELU,"3,143"
OLT,DOBRETU,"1,224"
OLT,DOBROSLOVENI,"3,802"
OLT,DOBROTEASA,"1,780"
OLT,DOBRUN,"1,304"
OLT,DRAGHICENI,"1,853"
OLT,FAGETELU,"1,233"
OLT,FALCOIU,"4,005"
OLT,FARCASELE,"4,615"
OLT,GANEASA,"4,067"
OLT,GARCOV,"2,545"
OLT,GAVANESTI,"2,244"
OLT,GHIMPETENI,"1,770"
OLT,GIUVARASTI,"2,308"
OLT,GOSTAVATU,"3,003"
OLT,GRADINARI,"2,626"
OLT,GRADINILE,"1,755"
OLT,GROJDIBODU,"2,901"
OLT,GURA PADINII,"1,762"
OLT,IANCA,"3,844"
OLT,IANCU JIANU,"4,456"
OLT,ICOANA,"1,760"
OLT,IPOTESTI,"1,547"
OLT,IZBICENI,"4,682"
OLT,IZVOARELE,"3,518"
OLT,LELEASCA,"1,365"
OLT,MARUNTEI,"4,348"
OLT,MIHAESTI,"1,704"
OLT,MILCOV,"1,744"
OLT,MORUNGLAV,"2,616"
OLT,MOVILENI,"3,469"
OLT,N.TITULESCU,"1,149"
OLT,OBARSIA,"2,734"
OLT,OBOGA,"1,355"
OLT,OPORELU,"1,261"
OLT,OPTASI MAGURA,"1,105"
OLT,ORLEA,"2,494"
OLT,OSICA DE JOS,"1,646"
OLT,OSICA DE SUS,"4,920"
OLT,PARSCOVENI,"2,963"
OLT,PERIETI,"1,810"
OLT,PLESOIU,"3,280"
OLT,POBORU,"2,209"
OLT,PRISEACA,"1,735"
OLT,RADOMIRESTI,"3,204"
OLT,REDEA,"2,785"
OLT,ROTUNDA,"2,742"
OLT,RUSANESTI,"4,532"
OLT,SAMBURESTI,"1,198"
OLT,SARBII-MAGURA,"2,181"
OLT,SCARISOARA,"3,096"
OLT,SCHITU,"2,876"
OLT,SEACA,"1,836"
OLT,SERBANESTI,"3,083"
OLT,SLATIOARA,"2,766"
OLT,SOPARLITA,"1,557"
OLT,SPINENI,"1,816"
OLT,SPRANCENATA,"2,412"
OLT,STEFAN CEL MARE,"1,790"
OLT,STOENESTI,"2,359"
OLT,STOICANESTI,"2,567"
OLT,STREJESTI,"3,248"
OLT,STUDINA,"2,537"
OLT,TATULESTI,"1,103"
OLT,TESLUI,"2,614"
OLT,TIA MARE,"4,516"
OLT,TOPANA,"1,055"
OLT,TRAIAN,"3,145"
OLT,TUFENI,"2,889"
OLT,URZICA,"2,174"
OLT,VADASTRA,"1,461"
OLT,VADASTRITA,"3,193"
OLT,VALCELE,"2,768"
OLT,VALEA MARE,"3,850"
OLT,VALENI,"3,014"
OLT,VERGULEASA,"2,815"
OLT,VISINA,"3,113"
OLT,VISINA NOUA,"1,898"
OLT,VITOMIRESTI,"2,280"
OLT,VLADILA,"2,047"
OLT,VOINEASA,"2,020"
OLT,VULPENI,"2,400"
OLT,VULTURESTI,"2,370"
OLT Total,,"449,565"
PRAHOVA,PLOIESTI,"222,545"
PRAHOVA,CAMPINA,"35,764"
PRAHOVA,AZUGA,"4,757"
PRAHOVA,BAICOI,"19,239"
PRAHOVA,BOLDESTI SCAIENI,"11,251"
PRAHOVA,BREAZA,"17,103"
PRAHOVA,BUSTENI,"9,784"
PRAHOVA,COMARNIC,"12,649"
PRAHOVA,MIZIL,"15,796"
PRAHOVA,PLOPENI,"9,161"
PRAHOVA,SINAIA,"11,159"
PRAHOVA,SLANIC,"6,237"
PRAHOVA,URLATI,"11,291"
PRAHOVA,VALENII DE MUNTE,"13,389"
PRAHOVA,ADUNATI,"2,082"
PRAHOVA,ALBESTI PALEOLOGU,"5,675"
PRAHOVA,ALUNIS,"3,467"
PRAHOVA,APOSTOLACHE,"2,188"
PRAHOVA,ARICESTI RAHTIVANI,"8,350"
PRAHOVA,ARICESTI ZELETIN,"1,242"
PRAHOVA,BABA ANA,"4,271"
PRAHOVA,BALTA DOAMNEI,"2,604"
PRAHOVA,BALTESTI,"3,763"
PRAHOVA,BANESTI,"5,606"
PRAHOVA,BARCANESTI,"9,687"
PRAHOVA,BATRANI,"2,055"
PRAHOVA,BERCENI,"6,306"
PRAHOVA,BERTEA,"3,217"
PRAHOVA,BLEJOI,"8,654"
PRAHOVA,BOLDESTI GRADISTEA,"1,862"
PRAHOVA,BRAZI,"8,320"
PRAHOVA,BREBU,"7,239"
PRAHOVA,BUCOV,"11,296"
PRAHOVA,CALUGARENI,"1,244"
PRAHOVA,CARBUNESTI,"1,794"
PRAHOVA,CEPTURA,"4,821"
PRAHOVA,CERASU,"5,037"
PRAHOVA,CHIOJDEANCA,"1,725"
PRAHOVA,CIORANI,"6,986"
PRAHOVA,COCORASTI COLT,"3,132"
PRAHOVA,COCORASTII MISLII,"3,405"
PRAHOVA,COLCEAG,"4,981"
PRAHOVA,CORNU,"4,381"
PRAHOVA,COSMINELE,"1,086"
PRAHOVA,DRAGANESTI,"5,002"
PRAHOVA,DRAJNA,"5,495"
PRAHOVA,DUMBRAVA,"4,599"
PRAHOVA,DUMBRAVESTI,"3,773"
PRAHOVA,FANTANELE,"2,184"
PRAHOVA,FILIPESTII DE PADURE,"10,405"
PRAHOVA,FILIPESTII DE TARG,"8,283"
PRAHOVA,FLORESTI,"7,823"
PRAHOVA,FULGA,"3,432"
PRAHOVA,GHERGHITA,"1,870"
PRAHOVA,GORGOTA,"5,322"
PRAHOVA,GORNET,"2,986"
PRAHOVA,GORNET CRICOV,"2,330"
PRAHOVA,GURA VADULUI,"2,301"
PRAHOVA,GURA VITIOAREI,"6,091"
PRAHOVA,IORDACHEANU,"5,389"
PRAHOVA,IZVOARELE,"6,672"
PRAHOVA,JUGURENI,553
PRAHOVA,LAPOS,"1,267"
PRAHOVA,LIPANESTI,"5,344"
PRAHOVA,MAGURELE,"4,745"
PRAHOVA,MAGURENI,"6,321"
PRAHOVA,MANECIU,"10,633"
PRAHOVA,MANESTI,"3,887"
PRAHOVA,OLARI,"2,167"
PRAHOVA,PACURETI,"2,204"
PRAHOVA,PAULESTI,"5,751"
PRAHOVA,PLOPU,"2,412"
PRAHOVA,PODENII NOI,"4,849"
PRAHOVA,POIANA CAMPINA,"5,171"
PRAHOVA,POIENARII BURCHI,"5,030"
PRAHOVA,POSESTI,"3,966"
PRAHOVA,PREDEAL SARARI,"2,384"
PRAHOVA,PROVITA DE JOS,"2,335"
PRAHOVA,PROVITA DE SUS,"2,050"
PRAHOVA,PUCHENII MARI,"8,593"
PRAHOVA,RAFOV,"5,352"
PRAHOVA,SALCIA,"1,051"
PRAHOVA,SALCIILE,"1,848"
PRAHOVA,SANGERU,"5,510"
PRAHOVA,SCORTENI,"6,145"
PRAHOVA,SECARIA,"1,277"
PRAHOVA,SIRNA,"4,938"
PRAHOVA,SOIMARI,"3,210"
PRAHOVA,SOTRILE,"3,329"
PRAHOVA,STARCHIOJD,"4,218"
PRAHOVA,STEFESTI,"2,378"
PRAHOVA,SURANI,"1,784"
PRAHOVA,TALEA,"1,075"
PRAHOVA,TARGSORU VECHI,"9,903"
PRAHOVA,TATARU,998
PRAHOVA,TEISANI,"3,780"
PRAHOVA,TELEGA,"5,673"
PRAHOVA,TINOSU,"2,410"
PRAHOVA,TOMSANI,"4,471"
PRAHOVA,VADU SAPAT,"1,762"
PRAHOVA,VALCANESTI,"3,867"
PRAHOVA,VALEA CALUGAREASCA,"10,761"
PRAHOVA,VALEA DOFTANEI,"6,684"
PRAHOVA,VARBILAU,"7,076"
PRAHOVA Total,,"799,720"
SATU MARE,SATU MARE,"109,124"
SATU MARE,CAREI,"21,671"
SATU MARE,ARDUD,"7,365"
SATU MARE,LIVADA,"7,046"
SATU MARE,NEGRESTI,"14,929"
SATU MARE,TASNAD,"9,153"
SATU MARE,ACAS,"2,827"
SATU MARE,AGRIS,"1,966"
SATU MARE,ANDRID,"2,486"
SATU MARE,APA,"2,844"
SATU MARE,BARSAU,"2,227"
SATU MARE,BATARCI,"3,661"
SATU MARE,BELTIUG,"3,229"
SATU MARE,BERVENI,"3,478"
SATU MARE,BIXAD,"7,170"
SATU MARE,BOGDAND,"2,769"
SATU MARE,BOTIZ,"3,667"
SATU MARE,CALINESTI,"4,815"
SATU MARE,CAMARZANA,"2,350"
SATU MARE,CAMIN,"1,363"
SATU MARE,CAPLENI,"3,127"
SATU MARE,CAUAS,"2,486"
SATU MARE,CEHAL,"1,512"
SATU MARE,CERTEZE,"5,306"
SATU MARE,CIUMESTI,"1,448"
SATU MARE,CRAIDOROLT,"2,023"
SATU MARE,CRUCISOR,"2,494"
SATU MARE,CULCIU,"4,077"
SATU MARE,DOBA,"2,845"
SATU MARE,DOROLT,"3,726"
SATU MARE,FOIENI,"1,882"
SATU MARE,GHERTA MICA,"3,480"
SATU MARE,HALMEU,"4,914"
SATU MARE,HODOD,"2,926"
SATU MARE,HOMOROADE,"1,651"
SATU MARE,LAZURI,"5,830"
SATU MARE,MEDIESU AURIT,"7,292"
SATU MARE,MICULA,"3,998"
SATU MARE,MOFTIN,"4,213"
SATU MARE,ODOREU,"5,413"
SATU MARE,ORASU NOU,"3,747"
SATU MARE,PAULESTI,"5,592"
SATU MARE,PETRESTI,"1,574"
SATU MARE,PIR,"1,515"
SATU MARE,PISCOLT,"3,157"
SATU MARE,POMI,"1,980"
SATU MARE,PORUMBESTI,"2,629"
SATU MARE,RAC?A,"2,796"
SATU MARE,SACASENI,"1,178"
SATU MARE,SANISLAU,"3,534"
SATU MARE,SANTAU,"2,507"
SATU MARE,SAUCA,"1,401"
SATU MARE,SOCOND,"2,503"
SATU MARE,SUPUR,"4,297"
SATU MARE,TARNA MARE,"3,761"
SATU MARE,TARSOLT,"2,826"
SATU MARE,TEREBESTI,"1,786"
SATU MARE,TIREAM,"2,245"
SATU MARE,TURT,"7,654"
SATU MARE,TURULUNG,"3,856"
SATU MARE,URZICENI,"1,466"
SATU MARE,VALEA VINULUI,"1,892"
SATU MARE,VAMA,"3,865"
SATU MARE,VETIS,"5,072"
SATU MARE,VIILE SATU MARE,"3,582"
SATU MARE Total,,"361,198"
S?LAJ,ZALAU,"63,619"
S?LAJ,CEHU SILVANIEI,"7,621"
S?LAJ,JIBOU,"11,223"
S?LAJ,SIMLEUL SILVANIEI,"16,217"
S?LAJ,AGRIJ,"1,425"
S?LAJ,ALMAS,"2,156"
S?LAJ,BABENI,"1,690"
S?LAJ,BALAN,"3,744"
S?LAJ,BANISOR,"2,148"
S?LAJ,BENESAT,"1,551"
S?LAJ,BOBOTA,"3,894"
S?LAJ,BOCSA,"3,615"
S?LAJ,BOGHIS,"1,927"
S?LAJ,BUCIUMI,"2,593"
S?LAJ,CAMAR,"1,677"
S?LAJ,CARASTELEC,"1,022"
S?LAJ,CHIESD,"2,567"
S?LAJ,CIZER,"2,308"
S?LAJ,COSEIU,"1,218"
S?LAJ,CRASNA,"6,600"
S?LAJ,CREACA,"2,808"
S?LAJ,CRISENI,"2,885"
S?LAJ,CRISTOLT,"1,301"
S?LAJ,CUZAPLAC,"1,748"
S?LAJ,DOBRIN,"1,708"
S?LAJ,DRAGU,"1,303"
S?LAJ,FILDU DE JOS,"1,312"
S?LAJ,GALGAU,"2,367"
S?LAJ,GARBOU,"1,995"
S?LAJ,HALMASD,"2,385"
S?LAJ,HERECLEAN,"3,612"
S?LAJ,HIDA,"2,779"
S?LAJ,HOROATU CRASNEI,"2,530"
S?LAJ,ILEANDA,"2,282"
S?LAJ,IP,"3,716"
S?LAJ,LETCA,"1,901"
S?LAJ,LOZNA,992
S?LAJ,MAERISTE,"2,936"
S?LAJ,MARCA,"2,633"
S?LAJ,MESESENII DE JOS,"3,184"
S?LAJ,MIRSID,"2,325"
S?LAJ,NAPRADEA,"2,781"
S?LAJ,NUSFALAU,"3,685"
S?LAJ,PERICEI,"3,982"
S?LAJ,PLOPIS,"2,488"
S?LAJ,POIANA BLENCHII,"1,173"
S?LAJ,ROMANASI,"3,020"
S?LAJ,RUS,"1,085"
S?LAJ,SAG,"3,365"
S?LAJ,SALATIG,"2,831"
S?LAJ,SAMSUD,"1,794"
S?LAJ,SANMIHAIU ALMASULUI,"1,675"
S?LAJ,SARMASAG,"6,506"
S?LAJ,SIMISNA,"1,186"
S?LAJ,SOMES ODORHEI,"2,914"
S?LAJ,SURDUC,"3,687"
S?LAJ,TREZNEA,"1,040"
S?LAJ,VALCAUL DE JOS,"3,169"
S?LAJ,VARSOLT,"2,304"
S?LAJ,ZALHA,894
S?LAJ,ZIMBOR,"1,071"
SALAJ Total,,"238,167"
SIBIU,SIBIU,"153,817"
SIBIU,MEDIAS,"51,196"
SIBIU,AGNITA,"10,801"
SIBIU,AVRIG,"14,464"
SIBIU,CISNADIE,"16,334"
SIBIU,COPSA MICA,"5,618"
SIBIU,DUMBRAVENI,"8,096"
SIBIU,MIERCUREA SIBIULUI,"4,260"
SIBIU,OCNA SIBIULUI,"4,207"
SIBIU,SALISTE,"5,875"
SIBIU,TALMACIU,"7,673"
SIBIU,ALMA,"1,980"
SIBIU,ALTINA,"1,748"
SIBIU,APOLDU DE JOS,"1,460"
SIBIU,ARPASU DE JOS,"2,882"
SIBIU,ATEL,"1,614"
SIBIU,AXENTE SEVER,"4,146"
SIBIU,BAZNA,"4,040"
SIBIU,BIERTAN,"2,855"
SIBIU,BIRGHIS,"2,187"
SIBIU,BLAJEL,"2,345"
SIBIU,BOITA,"1,696"
SIBIU,BRADENI,"1,422"
SIBIU,BRATEIU,"3,964"
SIBIU,BRUIU,719
SIBIU,CARTA,919
SIBIU,CARTISOARA,"1,254"
SIBIU,CHIRPAR,"1,578"
SIBIU,CRISTIAN,"4,185"
SIBIU,DIRLOS,"3,334"
SIBIU,GURA RIULUI,"3,689"
SIBIU,HOGHILAG,"2,421"
SIBIU,IACOBENI,"2,773"
SIBIU,JINA,"4,017"
SIBIU,LASLEA,"3,328"
SIBIU,LOAMNES,"3,026"
SIBIU,LUDOS,713
SIBIU,MARPOD,912
SIBIU,MERGHINDEAL,"1,274"
SIBIU,MICASASA,"2,167"
SIBIU,MIHAILENI,"1,065"
SIBIU,MOSNA,"3,670"
SIBIU,NOCRICH,"3,093"
SIBIU,ORLAT,"3,236"
SIBIU,PAUCA,"1,835"
SIBIU,POIANA SIBIULUI,"2,530"
SIBIU,POPLACA,"1,784"
SIBIU,PORUMBACU DE JOS,"3,206"
SIBIU,RACOVITA,"2,912"
SIBIU,RASINARI,"5,717"
SIBIU,RIU SADULUI,605
SIBIU,ROSIA,"5,350"
SIBIU,SADU,"2,486"
SIBIU,SEICA MARE,"4,927"
SIBIU,SEICA MICA,"1,737"
SIBIU,SELIMBAR,"7,609"
SIBIU,SLIMNIC,"3,721"
SIBIU,SURA MARE,"4,371"
SIBIU,SURA MICA,"2,735"
SIBIU,TARNAVA,"3,308"
SIBIU,TILISCA,"1,574"
SIBIU,TURNU ROSU,"2,661"
SIBIU,VALEA VIILOR,"2,216"
SIBIU,VURPAR,"2,624"
SIBIU Total,,"425,961"
SUCEAVA,SUCEAVA,"104,624"
SUCEAVA,CIMPULUNG MOLDOVENESC,"19,012"
SUCEAVA,FALTICENI,"29,112"
SUCEAVA,RADAUTI,"29,572"
SUCEAVA,VATRA DORNEI,"16,057"
SUCEAVA,BROSTENI,"6,163"
SUCEAVA,CAJVANA,"8,911"
SUCEAVA,DOLHASCA,"11,400"
SUCEAVA,FRASIN,"6,478"
SUCEAVA,GURA HUMORULUI,"15,808"
SUCEAVA,LITENI,"10,269"
SUCEAVA,MILISAUTI,"5,393"
SUCEAVA,SALCEA,"10,283"
SUCEAVA,SIRET,"9,074"
SUCEAVA,SOLCA,"2,665"
SUCEAVA,VICOVU DE SUS,"15,299"
SUCEAVA,ADINCATA,"4,163"
SUCEAVA,ARBORE,"7,434"
SUCEAVA,BAIA,"7,349"
SUCEAVA,BALACEANA,"1,612"
SUCEAVA,BALCAUTI,"3,187"
SUCEAVA,BERCHISESTI,"2,906"
SUCEAVA,BILCA,"3,751"
SUCEAVA,BOGDANESTI,"3,980"
SUCEAVA,BOROAIA,"4,682"
SUCEAVA,BOSANCI,"7,331"
SUCEAVA,BOTOSANA,"2,295"
SUCEAVA,BREAZA,"1,619"
SUCEAVA,BRODINA,"3,663"
SUCEAVA,BUNESTI,"2,715"
SUCEAVA,BURLA,"2,264"
SUCEAVA,CACICA,"4,259"
SUCEAVA,CALAFINDESTI,"2,841"
SUCEAVA,CAPU CIMPULUI,"2,516"
SUCEAVA,CIOCANESTI,"1,474"
SUCEAVA,CIPRIAN PORUMBESCU,"2,085"
SUCEAVA,CIRLIBABA,"1,847"
SUCEAVA,COMANESTI,"2,267"
SUCEAVA,CORNU LUNCII,"7,619"
SUCEAVA,COSNA,"1,464"
SUCEAVA,CRUCEA,"2,039"
SUCEAVA,DARMANESTI,"5,836"
SUCEAVA,DOLHESTI,"3,817"
SUCEAVA,DORNA ARINI,"2,899"
SUCEAVA,DORNA CANDRENI,"3,055"
SUCEAVA,DORNESTI,"4,437"
SUCEAVA,DRAGOIESTI,"2,496"
SUCEAVA,DRAGUSENI,"2,543"
SUCEAVA,DUMBRAVENI,"9,214"
SUCEAVA,FINTINA MARE,"2,801"
SUCEAVA,FINTINELE,"4,822"
SUCEAVA,FORASTI,"4,775"
SUCEAVA,FRATAUTII NOI,"5,701"
SUCEAVA,FRATAUTII VECHI,"4,916"
SUCEAVA,FRUMOSU,"3,391"
SUCEAVA,FUNDU MOLDOVEI,"3,941"
SUCEAVA,GALANESTI,"2,692"
SUCEAVA,GRAMESTI,"3,030"
SUCEAVA,GRANICESTI,"5,094"
SUCEAVA,HINTESTI,"4,035"
SUCEAVA,HIRTOP,"2,876"
SUCEAVA,HORODNIC DE JOS,"2,426"
SUCEAVA,HORODNIC DE SUS,"4,991"
SUCEAVA,HORODNICENI,"3,487"
SUCEAVA,IACOBENI,"1,969"
SUCEAVA,IASLOVAT,"4,060"
SUCEAVA,ILISESTI,"2,784"
SUCEAVA,IPOTESTI,"6,425"
SUCEAVA,IZVOARELE SUCEVEI,"2,308"
SUCEAVA,MALINI,"7,457"
SUCEAVA,MANASTIREA HUMORULUI,"3,607"
SUCEAVA,MARGINEA,"10,533"
SUCEAVA,MITOCUL DRAGOMIRNEI,"4,929"
SUCEAVA,MOARA,"5,147"
SUCEAVA,MOLDOVA SULITA,"2,015"
SUCEAVA,MOLDOVITA,"5,206"
SUCEAVA,MUSENITA,"1,999"
SUCEAVA,OSTRA,"3,253"
SUCEAVA,PALTINOASA,"5,850"
SUCEAVA,PANACI,"2,236"
SUCEAVA,PATRAUTI,"5,229"
SUCEAVA,PIRTESTII DE JOS,"2,746"
SUCEAVA,POIANA STAMPEI,"2,255"
SUCEAVA,POIENI-SOLCA,"2,102"
SUCEAVA,POJORITA,"3,140"
SUCEAVA,PREUTESTI,"6,674"
SUCEAVA,PUTNA,"3,749"
SUCEAVA,RADASENI,"4,252"
SUCEAVA,RISCA,"5,305"
SUCEAVA,SADOVA,"2,522"
SUCEAVA,SARU DORNEI,"4,169"
SUCEAVA,SATU MARE,"4,487"
SUCEAVA,SCHEIA,"10,475"
SUCEAVA,SERBAUTI,"3,197"
SUCEAVA,SIMINICEA,"3,020"
SUCEAVA,SLATINA,"5,306"
SUCEAVA,STRAJA,"5,668"
SUCEAVA,STROIESTI,"3,370"
SUCEAVA,STULPICANI,"6,067"
SUCEAVA,SUCEVITA,"2,871"
SUCEAVA,TODIRESTI,"5,753"
SUCEAVA,UDESTI,"7,777"
SUCEAVA,ULMA,"2,200"
SUCEAVA,VADU MOLDOVEI,"4,379"
SUCEAVA,VALEA MOLDOVEI,"4,035"
SUCEAVA,VAMA,"6,302"
SUCEAVA,VATRA MOLDOVITEI,"4,477"
SUCEAVA,VERESTI,"7,272"
SUCEAVA,VICOVU DE JOS,"6,340"
SUCEAVA,VOITINEL,"4,432"
SUCEAVA,VOLOVAT,"5,429"
SUCEAVA,VULTURESTI,"3,537"
SUCEAVA,ZAMOSTEA,"3,059"
SUCEAVA,ZVORISTEA,"6,171"
SUCEAVA Total,,"708,302"
TELEORMAN,ALEXANDRIA,"47,662"
TELEORMAN,ROSIORI DE VEDE,"28,770"
TELEORMAN,TURNU MAGURELE,"26,979"
TELEORMAN,VIDELE,"11,495"
TELEORMAN,ZIMNICEA,"14,400"
TELEORMAN,BABAITA,"2,626"
TELEORMAN,BALACI,"1,855"
TELEORMAN,BECIU,"1,831"
TELEORMAN,BEUCA,"1,428"
TELEORMAN,BLEJESTI,"3,818"
TELEORMAN,BOGDANA,"2,446"
TELEORMAN,BOTOROAGA,"5,553"
TELEORMAN,BRAGADIRU,"3,992"
TELEORMAN,BRANCENI,"2,846"
TELEORMAN,BUJORENI,"1,019"
TELEORMAN,BUJORU,"1,667"
TELEORMAN,BUZESCU,"4,351"
TELEORMAN,CALINESTI,"3,308"
TELEORMAN,CALMATUIU,"2,055"
TELEORMAN,CALMATUIU DE SUS,"2,094"
TELEORMAN,CERVENIA,"2,979"
TELEORMAN,CIOLANESTI,"2,937"
TELEORMAN,CIUPERCENI,"1,610"
TELEORMAN,CONTESTI,"3,467"
TELEORMAN,COSMESTI,"2,693"
TELEORMAN,CRANGENI,"2,952"
TELEORMAN,CRANGU,"1,446"
TELEORMAN,CREVENICU,"1,537"
TELEORMAN,DIDESTI,"1,283"
TELEORMAN,DOBROTESTI,"4,576"
TELEORMAN,DRACEA,"1,828"
TELEORMAN,DRACSENEI,"1,782"
TELEORMAN,DRAGANESTI DE VEDE,"2,144"
TELEORMAN,DRAGANESTI VLASCA,"4,122"
TELEORMAN,FANTANELE,"1,840"
TELEORMAN,FRASINET,"2,829"
TELEORMAN,FRUMOASA,"2,146"
TELEORMAN,FURCULESTI,"3,372"
TELEORMAN,GALATENI,"2,724"
TELEORMAN,GRATIA,"2,742"
TELEORMAN,ISLAZ,"5,352"
TELEORMAN,IZVOARELE,"2,568"
TELEORMAN,LISA,"2,192"
TELEORMAN,LITA,"2,705"
TELEORMAN,LUNCA,"3,201"
TELEORMAN,MAGURA,"2,743"
TELEORMAN,MALDAIENI,"4,371"
TELEORMAN,MARZANESTI,"3,951"
TELEORMAN,MAVRODIN,"2,381"
TELEORMAN,MERENI,"2,865"
TELEORMAN,MOSTENI,"1,503"
TELEORMAN,NANOV,"3,539"
TELEORMAN,NASTURELU,"2,619"
TELEORMAN,NECSESTI,"1,177"
TELEORMAN,NENCIULESTI,"2,597"
TELEORMAN,OLTENI,"3,186"
TELEORMAN,ORBEASCA,"7,555"
TELEORMAN,PERETU,"7,222"
TELEORMAN,PIATRA,"3,141"
TELEORMAN,PIETROSANI,"2,794"
TELEORMAN,PLOPII SLAVITESTI,"2,369"
TELEORMAN,PLOSCA,"6,074"
TELEORMAN,POENI,"2,934"
TELEORMAN,POROSCHIA,"4,520"
TELEORMAN,PURANI,"1,705"
TELEORMAN,PUTINEIU,"2,288"
TELEORMAN,RADOIESTI,"2,111"
TELEORMAN,RASMIRESTI,805
TELEORMAN,SACENI,"1,233"
TELEORMAN,SAELELE,"2,722"
TELEORMAN,SALCIA,"2,738"
TELEORMAN,SARBENI,"1,459"
TELEORMAN,SCRIOASTEA,"3,948"
TELEORMAN,SCURTU MARE,"1,722"
TELEORMAN,SEACA,"2,445"
TELEORMAN,SEGARCEA VALE,"3,179"
TELEORMAN,SFINTESTI,"1,223"
TELEORMAN,SILISTEA,"2,281"
TELEORMAN,SILISTEA NOUA,"2,465"
TELEORMAN,SLOBOZIA MANDRA,"1,651"
TELEORMAN,SMARDIOASA,"2,437"
TELEORMAN,STEJARU,"1,922"
TELEORMAN,STOROBANEASA,"3,071"
TELEORMAN,SUHAIA,"2,237"
TELEORMAN,TALPA,"1,946"
TELEORMAN,TATARASTII DE JOS,"3,623"
TELEORMAN,TATARASTII DE SUS,"2,937"
TELEORMAN,TIGANESTI,"5,070"
TELEORMAN,TRAIAN,"1,746"
TELEORMAN,TRIVALE MOSTENI,"2,667"
TELEORMAN,TROIANUL,"3,044"
TELEORMAN,UDA CLOCOCIOV,"1,810"
TELEORMAN,VARTOAPE,"2,856"
TELEORMAN,VEDEA,"2,913"
TELEORMAN,VIISOARA,"1,792"
TELEORMAN,VITANESTI,"2,805"
TELEORMAN,ZAMBREASCA,"1,525"
TELEORMAN Total,,"383,139"
TIMI?,TIMISOARA,"304,079"
TIMI?,LUGOJ,"43,874"
TIMI?,BUZIAS,"7,452"
TIMI?,CIACOVA,"5,158"
TIMI?,DETA,"6,514"
TIMI?,FAGET,"7,209"
TIMI?,GATAIA,"6,186"
TIMI?,JIMBOLIA,"11,817"
TIMI?,RECAS,"9,013"
TIMI?,SANICOLAU MARE,"13,113"
TIMI?,BALINT,"1,561"
TIMI?,BANLOC,"2,801"
TIMI?,BARA,290
TIMI?,BEBA VECHE,"1,498"
TIMI?,BECICHERECUL MIC,"2,885"
TIMI?,BELINT,"2,615"
TIMI?,BETHAUSEN,"2,702"
TIMI?,BILED,"3,651"
TIMI?,BIRDA,"2,026"
TIMI?,BIRNA,"1,533"
TIMI?,BOGDA,470
TIMI?,BOLDUR,"2,280"
TIMI?,BRESTOVAT,672
TIMI?,BUCOVAT,"1,597"
TIMI?,CARPINIS,"5,224"
TIMI?,CENAD,"4,636"
TIMI?,CENEI,"2,935"
TIMI?,CHECEA,"2,103"
TIMI?,CHEVERESU MARE,"2,098"
TIMI?,COMLOSU MARE,"5,094"
TIMI?,COSTEIU,"3,800"
TIMI?,CRICIOVA,"1,705"
TIMI?,CURTEA,"1,184"
TIMI?,DAROVA,"3,006"
TIMI?,DENTA,"3,163"
TIMI?,DUDESTII NOI,"3,015"
TIMI?,DUDESTII VECHI,"4,278"
TIMI?,DUMBRAVA,"2,617"
TIMI?,DUMBRAVITA,"6,494"
TIMI?,FARDEA,"1,697"
TIMI?,FIBIS,"1,660"
TIMI?,FOIENI,"1,761"
TIMI?,GAVOJDIA,"2,971"
TIMI?,GHILAD,"1,835"
TIMI?,GHIRODA,"6,107"
TIMI?,GHIZELA,"1,148"
TIMI?,GIARMATA,"6,661"
TIMI?,GIERA,"1,271"
TIMI?,GIROC,"8,795"
TIMI?,GIULVAZ,"3,080"
TIMI?,GOTTLOB,"2,336"
TIMI?,IECEA MARE,"2,487"
TIMI?,JAMU MARE,"2,975"
TIMI?,JEBEL,"3,582"
TIMI?,LENAUHEIM,"5,972"
TIMI?,LIEBLING,"3,883"
TIMI?,LIVEZILE,"1,552"
TIMI?,LOVRIN,"3,671"
TIMI?,MANASTUR,"1,656"
TIMI?,MARGINA,"2,253"
TIMI?,MASLOC,"2,256"
TIMI?,MORAVITA,"2,509"
TIMI?,MOSNITA NOUA,"6,069"
TIMI?,NADRAG,"2,635"
TIMI?,NITCHIDORF,"1,568"
TIMI?,OHABA LUNGA,"1,101"
TIMI?,ORTISOARA,"4,360"
TIMI?,OTELEC,"1,673"
TIMI?,PADURENI,"1,657"
TIMI?,PARTA,"2,136"
TIMI?,PECIU NOU,"5,158"
TIMI?,PERIAM,"4,432"
TIMI?,PESAC,"2,160"
TIMI?,PIETROASA,"1,019"
TIMI?,PISCHIA,"3,020"
TIMI?,RACOVITA,"2,873"
TIMI?,REMETEA MARE,"2,295"
TIMI?,SACALAZ,"7,925"
TIMI?,SACOSU TURCESC,"3,139"
TIMI?,SAG,"3,141"
TIMI?,SANANDREI,"6,236"
TIMI?,SANDRA,"2,960"
TIMI?,SANMIHAIU ROMAN,"6,402"
TIMI?,SARAVALE,"2,698"
TIMI?,SATCHINEZ,"4,869"
TIMI?,SECAS,406
TIMI?,SINPETRU MARE,"3,304"
TIMI?,STIUCA,"1,943"
TIMI?,TEREMIA MARE,"4,431"
TIMI?,TOMESTI,"1,972"
TIMI?,TOMNATIC,"3,227"
TIMI?,TOPOLOVATU MARE,"2,643"
TIMI?,TORMAC,"2,750"
TIMI?,TRAIAN VUIA,"1,986"
TIMI?,UIVAR,"2,737"
TIMI?,V.V.DELAMARINA,"2,800"
TIMI?,VALCANI,"1,363"
TIMI?,VARIAS,"6,043"
TIMI?,VOITEG,"2,135"
TIMIS Total,,"681,732"
TULCEA,TULCEA,"88,662"
TULCEA,BABADAG,"10,216"
TULCEA,ISACCEA,"5,290"
TULCEA,MACIN,"10,599"
TULCEA,SULINA,"4,093"
TULCEA,BAIA,"4,577"
TULCEA,BEIDAUD,"1,552"
TULCEA,BESTEPE,"1,891"
TULCEA,C.A.ROSETTI,841
TULCEA,CARCALIU,"2,875"
TULCEA,CASIMCEA,"2,911"
TULCEA,CEAMURLIA DE JOS,"2,290"
TULCEA,CEATALCHIOI,690
TULCEA,CERNA,"3,775"
TULCEA,CHILIA VECHE,"2,326"
TULCEA,CIUCUROVA,"2,120"
TULCEA,CRISAN,"1,272"
TULCEA,DAENI,"2,042"
TULCEA,DOROBANTU,"1,405"
TULCEA,FRECATEI,"3,657"
TULCEA,GRECI,"5,318"
TULCEA,GRINDU,"1,463"
TULCEA,HAMCEARCA,"1,429"
TULCEA,HORIA,"1,453"
TULCEA,I.C.BRATIANU,"1,269"
TULCEA,IZVOARELE,"1,984"
TULCEA,JIJILA,"5,643"
TULCEA,JURILOVCA,"4,520"
TULCEA,LUNCAVITA,"4,332"
TULCEA,M.KOGALNICEANU,"3,251"
TULCEA,MAHMUDIA,"2,742"
TULCEA,MALIUC,954
TULCEA,MIHAI BRAVU,"2,468"
TULCEA,MURIGHIOL,"3,508"
TULCEA,NALBANT,"2,861"
TULCEA,NICULITEL,"4,445"
TULCEA,NUFARU,"2,677"
TULCEA,OSTROV,"1,904"
TULCEA,PARDINA,688
TULCEA,PECENEAGA,"1,782"
TULCEA,SARICHIOI,"6,652"
TULCEA,SF.GHEORGHE,818
TULCEA,SLAVA CERCHEZA,"2,253"
TULCEA,SMARDAN,"1,103"
TULCEA,SOMOVA,"4,854"
TULCEA,STEJARU,"1,731"
TULCEA,TOPOLOG,"4,724"
TULCEA,TURCOAIA,"3,420"
TULCEA,VACARENI,"2,256"
TULCEA,VALEA NUCARILOR,"3,594"
TULCEA,VALEA TEILOR,"1,491"
TULCEA Total,,"240,671"
VASLUI,VASLUI,"74,676"
VASLUI,BARLAD,"67,196"
VASLUI,HUSI,"28,618"
VASLUI,MURGENI,"7,840"
VASLUI,NEGRESTI,"9,987"
VASLUI,ALBESTI,"3,145"
VASLUI,ALEXANDRU VLAHUTA,"1,320"
VASLUI,ARSURA,"1,714"
VASLUI,BACANI,"2,921"
VASLUI,BACESTI,"4,502"
VASLUI,BALTENI,"1,521"
VASLUI,BANCA,"5,484"
VASLUI,BEREZENI,"5,048"
VASLUI,BLAGESTI,"1,457"
VASLUI,BOGDANA,"1,702"
VASLUI,BOGDANESTI,"3,366"
VASLUI,BOGDANITA,"1,511"
VASLUI,BOTESTI,"2,073"
VASLUI,BUNESTI-AVERSTI,"2,602"
VASLUI,CIOCANI,"1,851"
VASLUI,CODAIESTI,"4,566"
VASLUI,COROIESTI,"2,113"
VASLUI,COSTESTI,"3,116"
VASLUI,COZMESTI,"2,443"
VASLUI,CRETESTI,"1,842"
VASLUI,DANESTI,"2,132"
VASLUI,DELENI,"2,412"
VASLUI,DELESTI,"2,290"
VASLUI,DIMITRIE CANTEMIR,"2,683"
VASLUI,DODESTI,"1,837"
VASLUI,DRAGOMIRESTI,"5,022"
VASLUI,DRINCENI,"4,646"
VASLUI,DUDA-EPURENI,"4,606"
VASLUI,DUMESTI,"3,656"
VASLUI,EPURENI,"2,970"
VASLUI,FALCIU,"5,476"
VASLUI,FERESTI,"2,165"
VASLUI,FRUNTISENI,"1,940"
VASLUI,GAGESTI,"2,121"
VASLUI,GHERGHESTI,"2,755"
VASLUI,GIRCENI,"2,464"
VASLUI,GRIVITA,"3,717"
VASLUI,HOCENI,"2,850"
VASLUI,IANA,"4,159"
VASLUI,IBANESTI,"1,542"
VASLUI,IVANESTI,"4,548"
VASLUI,IVESTI,"2,672"
VASLUI,LAZA,"3,082"
VASLUI,LIPOVAT,"4,367"
VASLUI,LUNCA-BANULUI,"3,724"
VASLUI,MALUSTENI,"2,635"
VASLUI,MICLESTI,"2,738"
VASLUI,MUNTENI DE JOS,"4,134"
VASLUI,MUNTENI DE SUS,"4,222"
VASLUI,OLTENESTI,"2,768"
VASLUI,OSESTI,"3,251"
VASLUI,PADURENI,"3,953"
VASLUI,PERIENI,"3,626"
VASLUI,POCHIDIA,"1,851"
VASLUI,POGANA,"3,256"
VASLUI,POGONESTI,"1,825"
VASLUI,POIENESTI,"3,169"
VASLUI,PUIESTI,"4,801"
VASLUI,PUNGESTI,"3,358"
VASLUI,PUSCASI,"3,901"
VASLUI,RAFAILA,"1,928"
VASLUI,REBRICEA,"3,771"
VASLUI,ROSIESTI,"3,329"
VASLUI,SOLESTI,"3,802"
VASLUI,STANILESTI,"5,402"
VASLUI,STEFAN CEL MARE,"3,452"
VASLUI,SULETEA,"2,380"
VASLUI,TACUTA,"3,312"
VASLUI,TANACU,"1,986"
VASLUI,TATARANI,"2,258"
VASLUI,TODIRESTI,"3,440"
VASLUI,TUTOVA,"3,728"
VASLUI,VALENI,"4,742"
VASLUI,VETRISOAIA,"3,117"
VASLUI,VIISOARA,"1,807"
VASLUI,VINDEREI,"4,169"
VASLUI,VOINESTI,"3,933"
VASLUI,VULTURESTI,"2,319"
VASLUI,VUTCANI,"2,095"
VASLUI,ZAPODENI,"3,997"
VASLUI,ZORLENI,"9,831"
VASLUI Total,,"446,736"
VaLCEA,RAMNICU VALCEA,"110,415"
VaLCEA,DRAGASANI,"19,631"
VaLCEA,BABENI,"9,946"
VaLCEA,BAILE GOVORA,"2,843"
VaLCEA,BAILE OLANESTI,"4,515"
VaLCEA,BALCESTI,"5,383"
VaLCEA,BERBESTI,"5,425"
VaLCEA,BREZOI,"6,851"
VaLCEA,CALIMANESTI,"8,715"
VaLCEA,HOREZU,"6,552"
VaLCEA,OCNELE MARI,"3,552"
VaLCEA,ALUNU,"4,338"
VaLCEA,AMARASTI,"1,888"
VaLCEA,BARBATESTI,"3,593"
VaLCEA,BERISLAVESTI,"2,895"
VaLCEA,BOISOARA,"1,278"
VaLCEA,BUDESTI,"6,189"
VaLCEA,BUJORENI,"4,926"
VaLCEA,BUNESTI,"2,720"
VaLCEA,CAINENI,"2,527"
VaLCEA,CERNISOARA,"3,767"
VaLCEA,COPACENI,"2,939"
VaLCEA,COSTESTI,"3,253"
VaLCEA,CRETENI,"2,378"
VaLCEA,DAESTI,"3,139"
VaLCEA,DANICEI,"2,205"
VaLCEA,DICULESTI,"2,042"
VaLCEA,DRAGOESTI,"2,117"
VaLCEA,FARTATESTI,"4,275"
VaLCEA,FAURESTI,"1,518"
VaLCEA,FRANCESTI,"5,620"
VaLCEA,GALICEA,"3,983"
VaLCEA,GHIOROIU,"1,765"
VaLCEA,GLAVILE,"2,148"
VaLCEA,GOLESTI,"2,721"
VaLCEA,GRADISTEA,"2,777"
VaLCEA,GUSOIENI,"1,588"
VaLCEA,IONESTI,"4,562"
VaLCEA,LACUSTENI,"1,582"
VaLCEA,LADESTI,"1,862"
VaLCEA,LALOSU,"2,478"
VaLCEA,LAPUSATA,"2,254"
VaLCEA,LIVEZI,"2,540"
VaLCEA,LUNGESTI,"3,483"
VaLCEA,MACIUCA,"1,911"
VaLCEA,MADULARI,"1,460"
VaLCEA,MALAIA,"1,905"
VaLCEA,MALDARESTI,"1,987"
VaLCEA,MATEESTI,"3,187"
VaLCEA,MIHAESTI,"6,834"
VaLCEA,MILCOIU,"1,399"
VaLCEA,MITROFANI,"1,261"
VaLCEA,MUEREASCA,"2,685"
VaLCEA,NICOLAE BALCESCU,"3,541"
VaLCEA,OLANU,"3,112"
VaLCEA,ORLESTI,"3,292"
VaLCEA,OTESANI,"2,696"
VaLCEA,PAUSESTI MAGLASI,"4,161"
VaLCEA,PAUSESTI OTASAU,"2,740"
VaLCEA,PERISANI,"2,269"
VaLCEA,PESCEANA,"1,770"
VaLCEA,PIETRARI,"3,060"
VaLCEA,POPESTI,"3,201"
VaLCEA,PRUNDENI,"4,363"
VaLCEA,RACOVITA,"1,834"
VaLCEA,ROESTI,"2,193"
VaLCEA,ROSIILE,"2,601"
VaLCEA,RUNCU,"1,050"
VaLCEA,SALATRUCEL,"2,058"
VaLCEA,SCUNDU,"2,066"
VaLCEA,SINESTI,"2,511"
VaLCEA,SIRINEASA,"2,568"
VaLCEA,SLATIOARA,"3,451"
VaLCEA,STANESTI,"1,422"
VaLCEA,STEFANESTI,"3,364"
VaLCEA,STOENESTI,"3,567"
VaLCEA,STOILESTI,"4,035"
VaLCEA,STROESTI,"2,878"
VaLCEA,SUSANI,"3,312"
VaLCEA,SUTESTI,"1,919"
VaLCEA,TETOIU,"2,604"
VaLCEA,TITESTI,"1,034"
VaLCEA,TOMSANI,"3,814"
VaLCEA,VAIDEENI,"3,951"
VaLCEA,VALEA MARE,"2,948"
VaLCEA,VLADESTI,"3,090"
VaLCEA,VOICESTI,"1,651"
VaLCEA,VOINEASA,"1,565"
VaLCEA,ZATRENI,"2,370"
VALCEA Total,,"401,868"
VRANCEA,FOCSANI,"96,733"
VRANCEA,ADJUD,"18,280"
VRANCEA,MARASESTI,"12,651"
VRANCEA,ODOBESTI,"9,271"
VRANCEA,PANCIU,"8,539"
VRANCEA,ANDREIASU DE JOS,"1,811"
VRANCEA,BALESTI,"1,961"
VRANCEA,BILIESTI,"2,704"
VRANCEA,BIRSESTI,"1,479"
VRANCEA,BOGHESTI,"1,619"
VRANCEA,BOLOTESTI,"4,821"
VRANCEA,BORDESTI,"1,791"
VRANCEA,BROSTENI,"2,233"
VRANCEA,CHIOJDENI,"2,454"
VRANCEA,CIMPINEANCA,"3,856"
VRANCEA,CIMPURI,"3,832"
VRANCEA,CIORASTI,"3,146"
VRANCEA,CIRLIGELE,"2,975"
VRANCEA,CORBITA,"1,836"
VRANCEA,COTESTI,"5,111"
VRANCEA,DUMBRAVENI,"4,393"
VRANCEA,DUMITRESTI,"4,704"
VRANCEA,FITIONESTI,"2,713"
VRANCEA,GAROAFA,"4,770"
VRANCEA,GOLESTI,"4,520"
VRANCEA,GOLOGANU,"3,277"
VRANCEA,GUGESTI,"6,758"
VRANCEA,GURA CALITEI,"2,718"
VRANCEA,HOMOCEA,"7,165"
VRANCEA,JARISTEA,"4,090"
VRANCEA,JITIA,"1,577"
VRANCEA,MAICANESTI,"4,569"
VRANCEA,MERA,"3,998"
VRANCEA,MILCOVUL,"3,426"
VRANCEA,MOVILITA,"3,912"
VRANCEA,NANESTI,"2,330"
VRANCEA,NARUJA,"1,892"
VRANCEA,NEGRILESTI,"1,682"
VRANCEA,NEREJU,"4,419"
VRANCEA,NISTORESTI,"2,153"
VRANCEA,OBREJITA,"1,739"
VRANCEA,PALTIN,"2,000"
VRANCEA,PAULESTI,"2,093"
VRANCEA,PAUNESTI,"6,540"
VRANCEA,PLOSCUTENI,"3,526"
VRANCEA,POIANA CRISTEI,"2,598"
VRANCEA,POPESTI,"3,378"
VRANCEA,PUFESTI,"4,202"
VRANCEA,RACOASA,"3,359"
VRANCEA,RASTOACA,"2,497"
VRANCEA,REGHIU,"2,401"
VRANCEA,RUGINESTI,"4,204"
VRANCEA,SIHLEA,"5,373"
VRANCEA,SLOB. BRADULUI,"7,050"
VRANCEA,SLOB. CIORASTI,"2,000"
VRANCEA,SOVEJA,"2,338"
VRANCEA,SPULBER,"1,412"
VRANCEA,STRAOANE,"3,689"
VRANCEA,SURAIA,"5,651"
VRANCEA,TANASOAIA,"2,144"
VRANCEA,TATARANU,"4,697"
VRANCEA,TIFESTI,"5,114"
VRANCEA,TIMBOIESTI,"3,198"
VRANCEA,TULNICI,"3,881"
VRANCEA,URECHESTI,"2,525"
VRANCEA,VALEA SARII,"2,000"
VRANCEA,VIDRA,"7,263"
VRANCEA,VINATORI,"6,213"
VRANCEA,VINTILEASCA,"1,991"
VRANCEA,VIRTESCOIU,"3,419"
VRANCEA,VIZANTEA LIVEZI,"3,940"
VRANCEA,VRINCIOAIA,"2,774"
VRANCEA,VULTURU,"8,505"
VRANCEA Total,,"385,883"
MUN. BUCURE?TI,SECTORUL 1,"197,390"
MUN. BUCURE?TI,SECTORUL 2,"352,087"
MUN. BUCURE?TI,SECTORUL 3,"407,622"
MUN. BUCURE?TI,SECTORUL 4,"300,108"
MUN. BUCURE?TI,SECTORUL 5,"289,407"
MUN. BUCURE?TI,SECTORUL 6,"369,403"
MUN. BUCURESTI Total,,"1,916,017"
Total ?AR?,,"21,267,609"
